X,Y,index,lat,long,speed,date,time,air_val,dust,gsr
-14763.1908690039,6714806.62948137,"0",51.525647,-0.13262,0,"180124","18484400","17",0,"341"
-14763.4135079855,6714807.16625036,"1",51.52565,-0.132622,0.7,"180124","18484500","26",0,"379"
-14765.0833003474,6714805.91378943,"2",51.525643,-0.132637,0.7,"180124","18484600","28",0,"375"
-14765.9738562738,6714805.0191746,"3",51.525638,-0.132645,0.7,"180124","18484700","28",0,"367"
-14766.7530927093,6714803.58779107,"4",51.52563,-0.132652,0.15,"180124","18484800","27",0,"342"
-14767.6436486357,6714801.79856202,"5",51.52562,-0.13266,0.48,"180124","18484900","27",0,"269"
-14768.4228850712,6714801.79856202,"6",51.52562,-0.132667,0.48,"180124","18485000","22",0,"262"
-14768.7568435436,6714800.36717906,"7",51.525612,-0.13267,0.74,"180124","18485100","21",0,"252"
-14768.9794825252,6714800.00933336,"8",51.52561,-0.132672,0.62,"180124","18485200","21",0.62,"241"
-14768.7568435436,6714798.75687353,"9",51.525603,-0.13267,0.85,"180124","18485300","21",0.62,"238"
-14767.9776071081,6714796.07303168,"10",51.525588,-0.132663,1.21,"180124","18485400","21",0.62,"233"
-14768.9794825252,6714795.53626342,"11",51.525585,-0.132672,1.14,"180124","18485500","20",0.62,"233"
-14770.6492748871,6714794.28380428,"12",51.525578,-0.132687,1.21,"180124","18485600","20",0.62,"236"
-14771.5398308134,6714793.21026803,"13",51.525572,-0.132695,1.3,"180124","18485700","21",0.62,"245"
-14770.0926774331,6714788.91612442,"14",51.525548,-0.132682,1.38,"180124","18485900","21",0.62,"253"
-14769.3134409976,6714781.75922345,"15",51.525508,-0.132675,1.38,"180124","18490000","21",0.62,"259"
-14770.9832333595,6714779.43323199,"16",51.525495,-0.13269,2.88,"180124","18490100","21",0.62,"264"
-14772.0964282674,6714775.85478488,"17",51.525475,-0.1327,2.87,"180124","18490200","21",0.62,"247"
-14772.6530257214,6714771.91849488,"18",51.525453,-0.132705,3.38,"180124","18490300","21",0.62,"348"
-14773.2096231753,6714768.16112893,"19",51.525432,-0.13271,3.65,"180124","18490400","24",0.62,"374"
-14773.5435816477,6714762.97238831,"20",51.525403,-0.132713,3.94,"180124","18490500","29",0.62,"240"
-14775.7699714636,6714758.49933872,"21",51.525378,-0.132733,6.08,"180124","18490600","20",0.62,"245"
-14778.775597715,6714753.48952608,"22",51.52535,-0.13276,9.15,"180124","18490700","21",0.62,"242"
-14781.5585849848,6714745.9748129,"23",51.525308,-0.132785,10.56,"180124","18490800","21",0.62,"235"
-14787.1245595245,6714739.53363569,"24",51.525272,-0.132835,9.55,"180124","18490900","21",0.62,"241"
-14790.4641442483,6714734.70275613,"25",51.525245,-0.132865,4.17,"180124","18491000","21",0.62,"233"
-14792.9131730457,6714733.80814912,"26",51.52524,-0.132887,4.17,"180124","18491200","20",0.62,"234"
-14794.91692388,6714727.00913903,"27",51.525202,-0.132905,4.17,"180124","18491300","20",0.62,"240"
-14794.91692388,6714721.82042463,"28",51.525173,-0.132905,9.67,"180124","18491400","21",0.62,"238"
-14792.4678950826,6714721.82042463,"29",51.525173,-0.132883,1.37,"180124","18491500","21",0.62,"239"
-14789.016990868,6714722.53610918,"30",51.525177,-0.132852,1.39,"180124","18491600","21",0.62,"244"
-14785.1208086902,6714724.50424201,"31",51.525188,-0.132817,1.46,"180124","18491700","21",0.62,"248"
-14783.5623358191,6714723.96747846,"32",51.525185,-0.132803,3.76,"180124","18491800","21",0.62,"251"
-14783.5623358191,6714722.1782669,"33",51.525175,-0.132803,0.98,"180124","18491900","21",0.62,"242"
-14782.6717798928,6714722.53610918,"34",51.525177,-0.132795,1.82,"180124","18492000","21",0.62,"242"
-14782.1151824388,6714723.96747846,"35",51.525185,-0.13279,3.3,"180124","18492100","21",0.62,"242"
-14781.0019875309,6714725.75669043,"36",51.525195,-0.13278,1.81,"180124","18492200","20",0.62,"246"
-14781.0019875309,6714725.2199268,"37",51.525192,-0.13278,1.46,"180124","18492300","21",0.62,"248"
-14778.775597715,6714726.29345409,"38",51.525198,-0.13276,2.36,"180124","18492500","21",0.62,"310"
-14777.3284443347,6714728.79835166,"39",51.525212,-0.132747,2.93,"180124","18492600","27",0.62,"353"
-14775.7699714636,6714730.22972205,"40",51.52522,-0.132733,3.2,"180124","18492700","26",0.62,"413"
-14774.8794155372,6714731.12432867,"41",51.525225,-0.132725,1.99,"180124","18492800","31",0.62,"247"
-14773.4322621569,6714731.48217134,"42",51.525227,-0.132712,2.66,"180124","18492900","21",0.62,"250"
-14772.319067249,6714729.33511553,"43",51.525215,-0.132702,4.1,"180124","18493000","21",0.62,"253"
-14773.9888596109,6714724.8620844,"44",51.52519,-0.132717,4.44,"180124","18493100","21",0.62,"256"
-14775.7699714636,6714720.03121353,"45",51.525163,-0.132733,5.18,"180124","18493200","21",0.62,"261"
-14776.5492078991,6714715.9160295,"46",51.52514,-0.13274,4.47,"180124","18493300","21",0.62,"262"
-14776.5492078991,6714712.33761029,"47",51.52512,-0.13274,3.35,"180124","18493400","21",0.62,"263"
-14776.5492078991,6714709.2959552,"48",51.525103,-0.13274,2.5,"180124","18493500","21",0.62,"266"
-14776.8831663715,6714706.07538046,"49",51.525085,-0.132743,2.5,"180124","18493700","21",0.62,"266"
-14776.3265689175,6714705.18077659,"50",51.52508,-0.132738,0,"180124","18493800","21",0.62,"268"
-14774.8794155372,6714704.64401432,"51",51.525077,-0.132725,2.52,"180124","18493900","21",0.62,"270"
-14774.1001791017,6714704.64401432,"52",51.525077,-0.132718,1.69,"180124","18494000","22",0.62,"274"
-14773.4322621569,6714707.32782604,"53",51.525092,-0.132712,3.95,"180124","18494100","22",0.62,"280"
-14771.762469795,6714710.19055952,"54",51.525108,-0.132697,5.98,"180124","18494200","22",0.62,"279"
-14768.534204562,6714716.27387151,"55",51.525142,-0.132668,10.01,"180124","18494300","22",0.62,"284"
-14767.0870511817,6714721.28366126,"56",51.52517,-0.132655,5.66,"180124","18494400","23",0.62,"284"
-14765.9738562738,6714722.53610918,"57",51.525177,-0.132645,1.06,"180124","18494500","23",0.62,"283"
-14764.6380223843,6714720.92581903,"58",51.525168,-0.132633,1.85,"180124","18494600","22",0.62,"281"
-14763.5248274763,6714719.85229245,"59",51.525162,-0.132623,2.03,"180124","18494700","22",0.62,"282"
-14762.63427155,6714717.16847659,"60",51.525147,-0.132615,2.9,"180124","18494800","22",0.62,"285"
-14759.5173258078,6714710.19055952,"61",51.525108,-0.132587,2.9,"180124","18495000","23",0.62,"284"
-14757.9588529367,6714705.7175389,"62",51.525083,-0.132573,3.72,"180124","18495100","23",0.62,"274"
-14756.7343385379,6714702.13912417,"63",51.525063,-0.132562,3.72,"180124","18495200","22",0.62,"270"
-14755.9551021024,6714699.45531416,"64",51.525048,-0.132555,2.31,"180124","18495300","22",0.62,"270"
-14753.5060733049,6714696.77150503,"65",51.525033,-0.132533,1.85,"180124","18495400","21",0.62,"272"
-14750.7230860351,6714692.1195713,"66",51.525007,-0.132508,1.73,"180124","18495500","22",0.62,"276"
-14750.0551690903,6714689.97252585,"67",51.524995,-0.132502,1.58,"180124","18495600","22",0.62,"368"
-14746.8269038573,6714686.75195875,"68",51.524977,-0.132473,2.66,"180124","18495700","27",0.62,"483"
-14744.4891945507,6714684.60491472,"69",51.524965,-0.132452,3.26,"180124","18495800","34",0.62,"331"
-14739.2571784834,6714684.60491472,"70",51.524965,-0.132405,3.26,"180124","18500000","25",0.62,"300"
-14736.6968301951,6714685.49951633,"71",51.52497,-0.132382,3.26,"180124","18500100","23",0.62,"494"
-14732.3553700542,6714689.43576458,"72",51.524992,-0.132343,3.26,"180124","18500200","38",0.62,"429"
-14727.0120344961,6714691.22496896,"73",51.525002,-0.132295,3.65,"180124","18500300","37",0.62,"437"
-14719.2196701406,6714698.91855226,"74",51.525045,-0.132225,4.18,"180124","18500400","33",0.62,"267"
-14712.2065422206,6714704.28617282,"75",51.525075,-0.132162,6.25,"180124","18500500","21",0.62,"257"
-14701.1859126321,6714716.27387151,"76",51.525142,-0.132063,7.77,"180124","18500600","21",0.62,"253"
-14698.4029253623,6714725.2199268,"77",51.525192,-0.132038,11.43,"180124","18500700","21",0.62,"254"
-14715.8800854168,6714729.33511553,"78",51.525215,-0.132195,12.98,"180124","18500800","21",0.62,"254"
-14719.4423091222,6714730.58756469,"79",51.525222,-0.132227,13.38,"180124","18500900","21",0.62,"251"
-14718.8857116682,6714722.71503033,"80",51.525178,-0.132222,2.98,"180124","18501000","21",0.62,"256"
-14721.4460599565,6714711.80084755,"81",51.525117,-0.132245,2.61,"180124","18501100","21",0.62,"261"
-14716.1027243984,6714694.44553783,"82",51.52502,-0.132197,3.14,"180124","18501300","21",0.62,"263"
-14713.3197371286,6714688.18332175,"83",51.524985,-0.132172,3.66,"180124","18501400","21",0.62,"263"
-14712.8744591654,6714683.17355235,"84",51.524957,-0.132168,3.66,"180124","18501500","21",0.62,"271"
-14710.6480693495,6714678.70054657,"85",51.524932,-0.132148,3.66,"180124","18501600","21",0.62,"271"
-14708.3103600429,6714675.65890403,"86",51.524915,-0.132127,3.33,"180124","18501700","22",0.62,"275"
-14707.1971651349,6714672.97510274,"87",51.5249,-0.132117,2.97,"180124","18501800","22",0.62,"278"
-14705.8613312454,6714668.85994248,"88",51.524877,-0.132105,3.23,"180124","18501900","22",0.62,"280"
-14703.6349414295,6714667.07074301,"89",51.524867,-0.132085,1.21,"180124","18502000","22",0.62,"268"
-14700.8519541597,6714662.7766659,"90",51.524843,-0.13206,4.02,"180124","18502100","21",0.62,"258"
-14696.0652160556,6714659.55610954,"91",51.524825,-0.132017,4.19,"180124","18502200","21",0.62,"254"
-14692.1690338778,6714657.40907268,"92",51.524813,-0.131982,2.97,"180124","18502300","21",0.62,"257"
-14691.9463948962,6714651.50472424,"93",51.52478,-0.13198,5.79,"180124","18502500","21",0.62,"262"
-14692.8369508226,6714649.17876996,"94",51.524767,-0.131988,4.97,"180124","18502600","21",0.62,"262"
-14693.8388262397,6714645.77929952,"95",51.524748,-0.131997,6.23,"180124","18502700","21",0.62,"278"
-14695.6199380924,6714645.77929952,"96",51.524748,-0.132013,6.23,"180124","18502800","22",0.62,"271"
-14695.5086186016,6714649.3576895,"97",51.524768,-0.132012,3.74,"180124","18502900","21",0.62,"273"
-14695.6199380924,6714653.83067918,"98",51.524793,-0.132013,3.79,"180124","18503000","22",0.62,"274"
-14692.5029923502,6714658.12475158,"99",51.524817,-0.131985,3.06,"180124","18503100","22",0.62,"276"
-14688.3841711909,6714662.59774607,"100",51.524842,-0.131948,4.91,"180124","18503200","22",0.62,"280"
-14687.4936152645,6714668.14426264,"101",51.524873,-0.13194,5.88,"180124","18503300","22",0.62,"281"
-14686.714378829,6714674.40646332,"102",51.524908,-0.131933,8.29,"180124","18503400","22",0.62,"282"
-14680.4804873445,6714676.1956644,"103",51.524918,-0.131877,6.02,"180124","18503500","22",0.62,"281"
-14678.0314585471,6714676.55350466,"104",51.52492,-0.131855,3.26,"180124","18503600","22",0.62,"280"
-14669.1258992836,6714675.30106381,"105",51.524913,-0.131775,3.26,"180124","18503800","22",0.62,"278"
-14666.6768704862,6714675.12214371,"106",51.524912,-0.131753,3.26,"180124","18503900","22",0.62,"285"
-14663.8938832163,6714674.40646332,"107",51.524908,-0.131728,2.41,"180124","18504000","22",0.62,"271"
-14661.8901323821,6714673.86970307,"108",51.524905,-0.13171,2.41,"180124","18504100","21",0.62,"268"
-14660.5542984925,6714675.12214371,"109",51.524912,-0.131698,3.43,"180124","18504200","21",0.62,"268"
-14660.9995764557,6714675.30106381,"110",51.524913,-0.131702,2.52,"180124","18504300","21",0.62,"270"
-14659.9977010386,6714675.12214371,"111",51.524912,-0.131693,1.63,"180124","18504400","21",0.62,"274"
-14658.3279086767,6714674.40646332,"112",51.524908,-0.131678,2.29,"180124","18504500","22",0.62,"276"
-14656.1015188608,6714674.40646332,"113",51.524908,-0.131658,2.88,"180124","18504600","22",0.62,"280"
-14653.318531591,6714673.51186293,"114",51.524903,-0.131633,2.75,"180124","18504700","22",0.62,"278"
-14649.9789468672,6714672.97510274,"115",51.5249,-0.131603,2.64,"180124","18504800","22",0.62,"274"
-14647.4185985789,6714672.61726264,"116",51.524898,-0.13158,3.21,"180124","18504900","22",0.62,"268"
-14641.0733876037,6714673.33294286,"117",51.524902,-0.131523,3.21,"180124","18505100","21",0.62,"268"
-14637.7338028799,6714673.86970307,"118",51.524905,-0.131493,4.32,"180124","18505200","21",0.62,"271"
-14635.1734545917,6714674.76430351,"119",51.52491,-0.13147,3.9,"180124","18505300","22",0.62,"277"
-14632.9470647758,6714674.76430351,"120",51.52491,-0.13145,3.92,"180124","18505400","22",0.62,"272"
-14630.4980359784,6714675.12214371,"121",51.524912,-0.131428,2.74,"180124","18505500","22",0.62,"278"
-14627.9376876901,6714675.65890403,"122",51.524915,-0.131405,2.98,"180124","18505600","22",0.62,"275"
-14625.7112978742,6714676.1956644,"123",51.524918,-0.131385,3.67,"180124","18505700","22",0.62,"275"
-14623.2622690768,6714676.55350466,"124",51.52492,-0.131363,3.38,"180124","18505800","22",0.62,"277"
-14621.5924767149,6714676.55350466,"125",51.52492,-0.131348,3.77,"180124","18505900","22",0.62,"279"
-14619.5887258806,6714677.8059457,"126",51.524927,-0.13133,2.81,"180124","18510000","22",0.62,"281"
-14618.1415725003,6714678.87946675,"127",51.524933,-0.131317,3.29,"180124","18510100","22",0.62,"278"
-14614.5793487949,6714680.48974859,"128",51.524942,-0.131285,2.92,"180124","18510300","22",0.62,"278"
-14612.5755979606,6714680.66866881,"129",51.524943,-0.131267,2.92,"180124","18510400","22",0.62,"275"
-14610.4605276356,6714681.38434974,"130",51.524947,-0.131248,2.7,"180124","18510500","22",0.62,"282"
-14608.6794157829,6714682.45787126,"131",51.524953,-0.131232,2.8,"180124","18510600","22",0.62,"280"
-14606.7869844394,6714684.24707411,"132",51.524963,-0.131215,3.3,"180124","18510700","22",0.62,"281"
-14603.781358188,6714685.14167568,"133",51.524968,-0.131188,4.56,"180124","18510800","22",0.62,"285"
-14600.9983709181,6714685.857357,"134",51.524972,-0.131163,5.22,"180124","18510900","23",0.62,"284"
-14598.2153836483,6714686.03627735,"135",51.524973,-0.131138,4.06,"180124","18511000","22",0.62,"287"
-14596.768230268,6714687.28871985,"136",51.52498,-0.131125,3.84,"180124","18511100","22",0.62,"293"
-14594.8757989245,6714688.18332175,"137",51.524985,-0.131108,3.73,"180124","18511200","22",0.62,"290"
-14593.2060065626,6714689.43576458,"138",51.524992,-0.131093,3.38,"180124","18511300","22",0.62,"282"
-14591.5362142007,6714691.22496896,"139",51.525002,-0.131078,3.71,"180124","18511400","22",0.62,"279"
-14588.6419074401,6714692.65633274,"140",51.52501,-0.131052,3.71,"180124","18511600","22",0.62,"279"
-14587.3060735506,6714693.55093524,"141",51.525015,-0.13104,1.67,"180124","18511700","22",0.62,"280"
-14586.7494760966,6714694.44553783,"142",51.52502,-0.131035,1.67,"180124","18511800","22",0.62,"279"
-14585.8589201703,6714694.98229943,"143",51.525023,-0.131027,1.67,"180124","18511900","22",0.62,"278"
-14585.8589201703,6714696.23474331,"144",51.52503,-0.131027,1.68,"180124","18512000","22",0.62,"279"
-14585.4136422071,6714697.66610797,"145",51.525038,-0.131023,2.05,"180124","18512100","22",0.62,"286"
-14586.526837115,6714700.3499174,"146",51.525053,-0.131033,2.53,"180124","18512200","22",0.62,"281"
-14587.6400320229,6714702.85480699,"147",51.525067,-0.131043,3.76,"180124","18512300","22",0.62,"285"
-14590.6456582744,6714705.53861813,"148",51.525082,-0.13107,4.15,"180124","18512400","22",0.62,"287"
-14592.8720480902,6714707.32782604,"149",51.525092,-0.13109,5.64,"180124","18512500","22",0.62,"287"
-14594.3192014705,6714711.44300574,"150",51.525115,-0.131103,5.92,"180124","18512600","22",0.62,"289"
-14597.8814251759,6714712.69545214,"151",51.525122,-0.131135,6.96,"180124","18512700","22",0.62,"291"
-14603.224760734,6714714.6635826,"152",51.525133,-0.131183,6.96,"180124","18512900","22",0.62,"288"
-14604.5605946235,6714716.27387151,"153",51.525142,-0.131195,6.96,"180124","18513000","22",0.62,"286"
-14606.5643454578,6714716.27387151,"154",51.525142,-0.131213,6.96,"180124","18513100","23",0.62,"286"
-14605.4511505499,6714715.55818751,"155",51.525138,-0.131203,4.53,"180124","18513200","22",0.62,"291"
-14606.5643454578,6714716.45279252,"156",51.525143,-0.131213,3.75,"180124","18513300","22",0.62,"288"
-14606.2303869854,6714718.06308178,"157",51.525152,-0.13121,2.82,"180124","18513400","22",0.62,"291"
-14606.7869844394,6714719.49445028,"158",51.52516,-0.131215,2.16,"180124","18513500","22",0.62,"294"
-14608.4567768013,6714718.95768706,"159",51.525157,-0.13123,1.96,"180124","18513600","22",0.62,"293"
-14608.7907352737,6714718.59984494,"160",51.525155,-0.131233,1.08,"180124","18513700","23",0.62,"295"
-14608.7907352737,6714718.59984494,"161",51.525155,-0.131233,0,"180124","18513800","23",0.62,"295"
-14607.6775403657,6714718.06308178,"162",51.525152,-0.131223,0,"180124","18513900","22",0.62,"292"
-14607.3435818934,6714718.24200283,"163",51.525153,-0.13122,2.76,"180124","18514100","22",0.62,"291"
-14606.7869844394,6714718.95768706,"164",51.525157,-0.131215,2.76,"180124","18514200","22",0.62,"291"
-14604.8945530959,6714721.28366126,"165",51.52517,-0.131198,2.83,"180124","18514300","23",0.62,"294"
-14604.0039971696,6714722.53610918,"166",51.525177,-0.13119,2.83,"180124","18514400","22",0.62,"292"
-14602.66816328,6714723.43071495,"167",51.525182,-0.131178,3.11,"180124","18514500","22",0.62,"297"
-14603.224760734,6714724.8620844,"168",51.52519,-0.131183,3.31,"180124","18514600","23",0.62,"298"
-14602.66816328,6714726.11453286,"169",51.525197,-0.131178,2.78,"180124","18514700","23",0.62,"298"
-14602.5568437892,6714727.54590278,"170",51.525205,-0.131177,2.36,"180124","18514800","23",0.62,"301"
-14603.1134412432,6714728.79835166,"171",51.525212,-0.131182,1.97,"180124","18514900","23",0.62,"302"
-14604.0039971696,6714730.22972205,"172",51.52522,-0.13119,1.42,"180124","18515000","23",0.62,"297"
-14604.0039971696,6714734.16599191,"173",51.525242,-0.13119,1.46,"180124","18515100","23",0.62,"293"
-14606.0077480038,6714737.38657776,"174",51.52526,-0.131208,3.83,"180124","18515200","23",0.62,"291"
-14612.0190005067,6714744.1855965,"175",51.525298,-0.131262,3.83,"180124","18515400","22",0.62,"290"
-14612.6869174514,6714747.22726461,"176",51.525315,-0.131268,3.83,"180124","18515500","22",0.62,"291"
-14614.9133072673,6714750.26893387,"177",51.525332,-0.131288,3.75,"180124","18515600","22",0.62,"292"
-14615.3585852305,6714753.84736973,"178",51.525352,-0.131292,3.04,"180124","18515700","22",0.62,"287"
-14613.2435149054,6714756.17335389,"179",51.525365,-0.131273,3.14,"180124","18515800","22",0.62,"282"
-14610.4605276356,6714758.32041678,"180",51.525377,-0.131248,4,"180124","18515900","22",0.62,"283"
-14610.4605276356,6714761.00424619,"181",51.525392,-0.131248,5.05,"180124","18520000","22",0.62,"283"
-14610.4605276356,6714762.79346628,"182",51.525402,-0.131248,5.21,"180124","18520100","22",0.62,"281"
-14610.6831666172,6714763.86699853,"183",51.525408,-0.13125,4.8,"180124","18520200","22",0.62,"281"
-14611.4624030527,6714765.11945299,"184",51.525415,-0.131257,3.84,"180124","18520300","22",0.62,"281"
-14612.3529589791,6714766.55082976,"185",51.525423,-0.131265,1.71,"180124","18520400","22",0.62,"285"
-14613.6887928686,6714768.34005108,"186",51.525433,-0.131277,1.71,"180124","18520600","22",0.62,"287"
-14612.6869174514,6714768.69789539,"187",51.525435,-0.131268,1.71,"180124","18520700","22",0.62,"288"
-14612.1303199975,6714768.69789539,"188",51.525435,-0.131263,1.71,"180124","18520800","22",0.62,"290"
-14614.3567098133,6714768.34005108,"189",51.525433,-0.131283,1.53,"180124","18520900","22",0.62,"291"
-14615.3585852305,6714768.69789539,"190",51.525435,-0.131292,0,"180124","18521000","22",0.62,"294"
-14614.9133072673,6714769.23466188,"191",51.525438,-0.131288,0,"180124","18521100","22",0.62,"296"
-14614.9133072673,6714769.23466188,"192",51.525438,-0.131288,0,"180124","18521200","22",0.62,"290"
-14614.9133072673,6714769.23466188,"193",51.525438,-0.131288,0,"180124","18521300","22",0.62,"288"
-14614.9133072673,6714769.23466188,"194",51.525438,-0.131288,0,"180124","18521400","22",0.62,"287"
-14613.2435149054,6714776.39155185,"195",51.525478,-0.131273,0,"180124","18521500","22",0.62,"289"
-14613.2435149054,6714777.64400824,"196",51.525485,-0.131273,1.82,"180124","18521600","23",0.62,"286"
-14613.8001123594,6714778.89646482,"197",51.525492,-0.131278,0,"180124","18521700","22",0.62,"283"
-14616.5830996292,6714781.75922345,"198",51.525508,-0.131303,0,"180124","18521900","22",0.62,"286"
-14617.1396970832,6714783.54844811,"199",51.525518,-0.131308,0,"180124","18522000","22",0.62,"289"
-14619.2547674082,6714785.69551821,"200",51.52553,-0.131327,1.27,"180124","18522100","22",0.62,"293"
-14620.3679623162,6714788.37935663,"201",51.525545,-0.131337,1.27,"180124","18522200","22",0.62,"291"
-14620.3679623162,6714790.52642801,"202",51.525557,-0.131337,2.13,"180124","18522300","22",0.62,"290"
-14620.479281807,6714791.95780924,"203",51.525565,-0.131338,2.36,"180124","18522400","22",0.62,"289"
-14623.70754704,6714793.74703614,"204",51.525575,-0.131367,1.98,"180124","18522500","22",0.62,"294"
-14625.7112978742,6714795.17841793,"205",51.525583,-0.131385,2.45,"180124","18522600","22",0.62,"290"
-14628.4942851441,6714796.78872276,"206",51.525592,-0.13141,1.92,"180124","18522700","22",0.62,"291"
-14629.9414385244,6714798.75687353,"207",51.525603,-0.131423,1.28,"180124","18522800","22",0.62,"295"
-14630.9433139415,6714800.36717906,"208",51.525612,-0.131432,2.19,"180124","18522900","23",0.62,"297"
-14632.6131063034,6714800.90394764,"209",51.525615,-0.131447,2.65,"180124","18523000","23",0.62,"301"
-14634.6168571377,6714798.22010509,"210",51.5256,-0.131465,2.65,"180124","18523200","23",0.62,"300"
-14635.7300520456,6714800.00933336,"211",51.52561,-0.131475,2.65,"180124","18523300","23",0.62,"296"
-14642.6318604748,6714804.48240575,"212",51.525635,-0.131537,1.27,"180124","18523400","22",0.62,"294"
-14644.3016528367,6714804.12455987,"213",51.525633,-0.131552,2.34,"180124","18523500","22",0.62,"297"
-14646.305403671,6714803.22994523,"214",51.525628,-0.13157,3.88,"180124","18523600","23",0.62,"298"
-14648.5317934869,6714805.0191746,"215",51.525638,-0.13159,3.44,"180124","18523700","22",0.62,"299"
-14651.3147807567,6714805.37702052,"216",51.52564,-0.131615,2.72,"180124","18523800","23",0.62,"300"
-14652.205336683,6714811.63932668,"217",51.525675,-0.131623,3.79,"180124","18523900","23",0.62,"303"
-14651.3147807567,6714817.36486796,"218",51.525707,-0.131615,3.71,"180124","18524000","23",0.62,"491"
-14653.8751290449,6714817.90163766,"219",51.52571,-0.131638,3.12,"180124","18524100","36",0.62,"308"
-14662.2240908544,6714821.1222566,"220",51.525728,-0.131713,1.85,"180124","18524200","23",0.62,"297"
-14664.1165221979,6714821.48010323,"221",51.52573,-0.13173,3,"180124","18524300","22",0.62,"302"
-14665.7863145598,6714821.83794988,"222",51.525732,-0.131745,3.16,"180124","18524400","23",0.62,"300"
-14669.459857756,6714824.52180021,"223",51.525747,-0.131778,2.05,"180124","18524500","23",0.62,"302"
-14674.3579153509,6714826.48995768,"224",51.525758,-0.131822,2.05,"180124","18524700","23",0.62,"304"
-14675.4711102588,6714829.17380954,"225",51.525773,-0.131832,3.76,"180124","18524800","23",0.62,"309"
-14676.1390272036,6714831.85766229,"226",51.525788,-0.131838,3.76,"180124","18524900","23",0.62,"308"
-14683.9313915591,6714839.90922584,"227",51.525833,-0.131908,2.46,"180124","18525000","23",0.62,"304"
-14684.3766695223,6714842.05631079,"228",51.525845,-0.131912,2.44,"180124","18525100","23",0.62,"303"
-14684.4879890131,6714844.38232013,"229",51.525858,-0.131913,3.13,"180124","18525200","23",0.62,"303"
-14683.8200720683,6714846.52940627,"230",51.52587,-0.131907,2.88,"180124","18525300","23",0.62,"305"
-14682.8181966512,6714848.67649297,"231",51.525882,-0.131898,3.21,"180124","18525400","23",0.62,"304"
-14681.5936822525,6714849.75003653,"232",51.525888,-0.131887,3.99,"180124","18525500","23",0.62,"410"
-14679.9238898906,6714851.89712408,"233",51.5259,-0.131872,2.24,"180124","18525600","30",0.62,"468"
-14679.144653455,6714854.93883242,"234",51.525917,-0.131865,4.05,"180124","18525700","29",0.62,"305"
-14678.9220144734,6714861.20117667,"235",51.525952,-0.131863,5.2,"180124","18525900","23",0.62,"305"
-14678.0314585471,6714863.169343,"236",51.525963,-0.131855,5.82,"180124","18530000","23",0.62,"304"
-14678.0314585471,6714864.95858554,"237",51.525973,-0.131855,5.82,"180124","18530100","23",0.62,"302"
-14675.8050687312,6714868.89492049,"238",51.525995,-0.131835,5.82,"180124","18530200","23",0.62,"301"
-14671.6862475719,6714871.04201309,"239",51.526007,-0.131798,7.85,"180124","18530300","23",0.62,"303"
-14666.5655509954,6714873.0101818,"240",51.526018,-0.131752,8.19,"180124","18530400","23",0.62,"298"
-14660.4429790017,6714874.62050201,"241",51.526027,-0.131697,9.28,"180124","18530500","23",0.62,"296"
-14655.2109629345,6714877.30436973,"242",51.526042,-0.13165,10.17,"180124","18530600","22",0.62,"487"
-14663.3372857624,6714879.09361536,"243",51.526052,-0.131723,10.96,"180124","18530700","35",0.62,"387"
-14670.4617331731,6714879.98823833,"244",51.526057,-0.131787,9.71,"180124","18530800","29",0.62,"495"
-14676.1390272036,6714881.06178602,"245",51.526063,-0.131838,8.37,"180124","18530900","40",0.62,"299"
-14679.701250909,6714882.3142585,"246",51.52607,-0.13187,6.94,"180124","18531000","22",0.62,"300"
-14679.4786119274,6714885.89275237,"247",51.52609,-0.131868,6.94,"180124","18531200","23",0.62,"298"
-14676.6956246576,6714885.89275237,"248",51.52609,-0.131843,6.61,"180124","18531300","23",0.62,"297"
-14674.6918738233,6714885.53490291,"249",51.526088,-0.131825,6.09,"180124","18531400","22",0.62,"299"
-14672.688122989,6714884.64027933,"250",51.526083,-0.131807,5.9,"180124","18531500","23",0.62,"302"
-14681.3710432709,6714883.20888182,"251",51.526075,-0.131885,5.81,"180124","18531600","23",0.62,"299"
-14684.7106279947,6714881.06178602,"252",51.526063,-0.131915,4.72,"180124","18531700","23",0.62,"300"
-14688.2728517001,6714879.63038913,"253",51.526055,-0.131947,3.88,"180124","18531800","23",0.62,"302"
-14691.9463948962,6714877.48329427,"254",51.526043,-0.13198,3.46,"180124","18531900","23",0.62,"307"
-14702.7443855032,6714877.84114338,"255",51.526045,-0.132077,3.84,"180124","18532000","23",0.62,"471"
-14712.2065422206,6714877.30436973,"256",51.526042,-0.132162,4.13,"180124","18532100","34",0.62,"304"
-14719.4423091222,6714876.05189801,"257",51.526035,-0.132227,5.16,"180124","18532200","23",0.62,"303"
-14730.1289802383,6714872.1155596,"258",51.526013,-0.132323,5.83,"180124","18532400","23",0.62,"303"
-14735.0270378332,6714869.78954234,"259",51.526,-0.132367,5.83,"180124","18532500","23",0.62,"310"
-14739.8137759374,6714867.46352575,"260",51.525987,-0.13241,5.83,"180124","18532600","23",0.62,"306"
-14744.2665555691,6714864.95858554,"261",51.525973,-0.13245,5.83,"180124","18532700","23",0.62,"306"
-14748.7193352008,6714861.38010087,"262",51.525953,-0.13249,6.41,"180124","18532800","23",0.62,"308"
-14753.1721148325,6714857.80161776,"263",51.525933,-0.13253,8.17,"180124","18532900","23",0.62,"308"
-14756.177741084,6714855.47560459,"264",51.52592,-0.132557,9.79,"180124","18533000","23",0.62,"311"
-14758.5154503906,6714854.93883242,"265",51.525917,-0.132578,7.55,"180124","18533100","23",0.62,"312"
-14762.8569105316,6714855.83345273,"266",51.525922,-0.132617,4.91,"180124","18533200","23",0.62,"308"
-14767.0870511817,6714856.72807314,"267",51.525927,-0.132655,5.92,"180124","18533300","23",0.62,"308"
-14773.4322621569,6714855.47560459,"268",51.52592,-0.132712,5.96,"180124","18533400","23",0.62,"307"
-14781.3359460032,6714852.43389606,"269",51.525903,-0.132783,10.31,"180124","18533500","23",0.62,"311"
-14795.1395628616,6714852.79174406,"270",51.525905,-0.132907,9.99,"180124","18533700","23",0.62,"308"
-14800.8168568921,6714851.89712408,"271",51.5259,-0.132958,9.26,"180124","18533800","24",0.62,"309"
-14806.2715119409,6714852.25497206,"272",51.525902,-0.133007,9.26,"180124","18533900","23",0.62,"307"
-14804.601719579,6714855.11775647,"273",51.525918,-0.132992,9.26,"180124","18534000","23",0.62,"309"
-14795.6961603156,6714849.75003653,"274",51.525888,-0.132912,9.13,"180124","18534100","23",0.62,"311"
-14784.8981697086,6714841.69846326,"275",51.525843,-0.132815,6.58,"180124","18534200","23",0.62,"314"
-14772.875664703,6714832.21550939,"276",51.52579,-0.132707,4.04,"180124","18534300","24",0.62,"313"
-14772.4303867398,6714829.53165652,"277",51.525775,-0.132703,2.07,"180124","18534400","23",0.62,"311"
-14771.5398308134,6714826.84780454,"278",51.52576,-0.132695,0.91,"180124","18534500","23",0.62,"312"
-14769.6473994699,6714823.8061067,"279",51.525743,-0.132678,1.91,"180124","18534600","23",0.62,"311"
-14768.9794825252,6714822.9114899,"280",51.525738,-0.132672,1.6,"180124","18534700","23",0.62,"309"
-14768.7568435436,6714821.83794988,"281",51.525732,-0.13267,1.66,"180124","18534800","23",0.62,"315"
-14767.8662876173,6714820.04871681,"282",51.525722,-0.132662,1.66,"180124","18535000","24",0.62,"313"
-14767.9776071081,6714820.9433333,"283",51.525727,-0.132663,0.96,"180124","18535100","23",0.62,"409"
-14767.3096901633,6714822.01687321,"284",51.525733,-0.132657,2.22,"180124","18535200","28",0.62,"312"
-14768.534204562,6714820.2276401,"285",51.525723,-0.132668,3.81,"180124","18535300","23",0.62,"314"
-14767.0870511817,6714818.43840739,"286",51.525713,-0.132655,1.74,"180124","18535400","24",0.62,"311"
-14765.7512172922,6714818.25948414,"287",51.525712,-0.132643,1.31,"180124","18535500","23",0.62,"314"
-14767.6436486357,6714818.25948414,"288",51.525712,-0.13266,4.2,"180124","18535600","24",0.62,"314"
-14764.0814249303,6714817.54379119,"289",51.525708,-0.132628,5.33,"180124","18535700","24",0.62,"314"
-14758.7380893722,6714814.68101998,"290",51.525692,-0.13258,5.34,"180124","18535800","23",0.62,"317"
-14753.1721148325,6714814.85994315,"291",51.525693,-0.13253,8.57,"180124","18535900","24",0.62,"319"
-14749.2759326548,6714818.25948414,"292",51.525712,-0.132495,11.34,"180124","18540000","23",0.62,"319"
-14742.8194021888,6714830.96304461,"293",51.525783,-0.132437,11.99,"180124","18540200","23",0.62,"318"
-14739.479817465,6714839.90922584,"294",51.525833,-0.132407,11.99,"180124","18540300","24",0.62,"318"
-14735.9175937596,6714849.75003653,"295",51.525888,-0.132375,11.99,"180124","18540400","24",0.62,"320"
-14735.3609963056,6714856.90699723,"296",51.525928,-0.13237,13.96,"180124","18540500","23",0.62,"320"
-14735.138357324,6714863.88503997,"297",51.525967,-0.132368,13.91,"180124","18540600","24",0.62,"323"
-14734.8043988517,6714870.68416428,"298",51.526005,-0.132365,13.29,"180124","18540700","24",0.62,"318"
-14732.5780090358,6714879.27253995,"299",51.526053,-0.132345,12.96,"180124","18540800","24",0.62,"318"
-14730.5742582015,6714888.21877422,"300",51.526103,-0.132327,12.96,"180124","18540900","24",0.62,"317"
-14728.3478683856,6714897.16501833,"301",51.526153,-0.132307,12.95,"180124","18541000","24",0.62,"317"
-14726.2327980606,6714905.93234708,"302",51.526202,-0.132288,12.93,"180124","18541100","24",0.62,"333"
-14724.0064082447,6714914.87861063,"303",51.526252,-0.132268,12.93,"180124","18541200","24",0.62,"323"
