Count	Date	Time	Lat	Long	Speed	Altitude	GSR
0	2/6/2018	13:34:30	51.547146	-0.023603	1.46	0.00	459
1	2/6/2018	13:34:30	51.547146	-0.023603	1.46	68.20	448
2	2/6/2018	13:34:31	51.547146	-0.023612	1.44	68.20	436
3	2/6/2018	13:34:31	51.547146	-0.023612	1.44	69.10	433
4	2/6/2018	13:34:32	51.547146	-0.023613	0.81	69.10	429
5	2/6/2018	13:34:33	51.547150	-0.023610	1.11	69.10	409
6	2/6/2018	13:34:33	51.547150	-0.023610	1.11	69.00	416
7	2/6/2018	13:34:34	51.547150	-0.023604	1.13	69.00	416
8	2/6/2018	13:34:35	51.547153	-0.023602	0.56	69.00	419
9	2/6/2018	13:34:35	51.547153	-0.023602	0.56	68.10	422
10	2/6/2018	13:34:36	51.547153	-0.023593	1.61	68.10	420
11	2/6/2018	13:34:37	51.547157	-0.023584	2.19	68.10	419
12	2/6/2018	13:34:38	51.547150	-0.023571	4.43	68.10	419
13	2/6/2018	13:34:38	51.547150	-0.023571	4.43	67.60	422
14	2/6/2018	13:34:39	51.547146	-0.023570	1.91	67.60	419
15	2/6/2018	13:34:40	51.547142	-0.023570	3.48	67.60	419
16	2/6/2018	13:34:40	51.547142	-0.023570	3.48	66.20	422
17	2/6/2018	13:34:41	51.547134	-0.023579	3.17	66.20	419
18	2/6/2018	13:34:42	51.547127	-0.023578	3.72	66.20	418
19	2/6/2018	13:34:43	51.547119	-0.023573	3.83	66.20	417
20	2/6/2018	13:34:44	51.547115	-0.023557	3.78	66.20	417
21	2/6/2018	13:34:44	51.547115	-0.023557	3.78	63.50	420
22	2/6/2018	13:34:45	51.547108	-0.023551	3.37	63.50	417
23	2/6/2018	13:34:46	51.547108	-0.023532	3.50	63.50	416
24	2/6/2018	13:34:47	51.547104	-0.023504	4.91	63.50	416
25	2/6/2018	13:34:48	51.547096	-0.023475	5.78	63.50	417
26	2/6/2018	13:34:48	51.547096	-0.023475	5.78	59.30	419
27	2/6/2018	13:34:49	51.547089	-0.023452	5.63	59.30	417
28	2/6/2018	13:34:49	51.547089	-0.023452	5.63	58.70	418
29	2/6/2018	13:34:50	51.547081	-0.023431	5.57	58.70	416
30	2/6/2018	13:34:50	51.547081	-0.023431	5.57	58.10	418
31	2/6/2018	13:34:51	51.547073	-0.023406	5.85	58.10	415
32	2/6/2018	13:34:51	51.547073	-0.023406	5.85	57.20	418
33	2/6/2018	13:34:52	51.547066	-0.023382	5.63	57.20	416
34	2/6/2018	13:34:52	51.547066	-0.023382	5.63	56.40	419
35	2/6/2018	13:34:53	51.547058	-0.023358	5.44	56.40	415
36	2/6/2018	13:34:54	51.547050	-0.023333	5.70	56.40	416
37	2/6/2018	13:34:54	51.547050	-0.023333	5.70	55.40	419
38	2/6/2018	13:34:55	51.547047	-0.023316	4.91	55.40	417
39	2/6/2018	13:34:56	51.547035	-0.023305	4.85	55.40	417
40	2/6/2018	13:34:56	51.547035	-0.023305	4.85	54.90	419
41	2/6/2018	13:34:57	51.547028	-0.023294	5.44	54.90	416
42	2/6/2018	13:34:57	51.547028	-0.023294	5.44	54.00	420
43	2/6/2018	13:34:58	51.547016	-0.023283	6.48	54.00	416
44	2/6/2018	13:34:58	51.547016	-0.023283	6.48	53.20	420
45	2/6/2018	13:34:59	51.547009	-0.023273	4.37	53.20	414
46	2/6/2018	13:34:59	51.547009	-0.023273	4.37	53.10	418
47	2/6/2018	13:35:0	51.546997	-0.023264	3.52	53.10	415
48	2/6/2018	13:35:0	51.546997	-0.023264	3.52	53.20	416
49	2/6/2018	13:35:1	51.546986	-0.023251	4.98	53.20	411
50	2/6/2018	13:35:2	51.546978	-0.023236	4.89	53.20	413
51	2/6/2018	13:35:2	51.546978	-0.023236	4.89	52.60	416
52	2/6/2018	13:35:3	51.546974	-0.023211	4.37	52.60	415
53	2/6/2018	13:35:3	51.546974	-0.023211	4.37	52.70	417
54	2/6/2018	13:35:4	51.546967	-0.023188	4.74	52.70	415
55	2/6/2018	13:35:4	51.546967	-0.023188	4.74	53.00	417
56	2/6/2018	13:35:5	51.546963	-0.023166	4.65	53.00	415
57	2/6/2018	13:35:5	51.546963	-0.023166	4.65	53.00	417
58	2/6/2018	13:35:6	51.546947	-0.023150	4.52	53.00	415
59	2/6/2018	13:35:6	51.546947	-0.023150	4.52	52.60	417
60	2/6/2018	13:35:7	51.546936	-0.023139	4.93	52.60	414
61	2/6/2018	13:35:7	51.546936	-0.023139	4.93	52.50	417
62	2/6/2018	13:35:8	51.546921	-0.023142	4.65	52.50	415
63	2/6/2018	13:35:8	51.546921	-0.023142	4.65	51.40	418
64	2/6/2018	13:35:9	51.546906	-0.023139	4.80	51.40	414
65	2/6/2018	13:35:9	51.546906	-0.023139	4.80	48.20	416
66	2/6/2018	13:35:10	51.546894	-0.023139	4.15	48.20	415
67	2/6/2018	13:35:10	51.546894	-0.023139	4.15	48.20	417
68	2/6/2018	13:35:11	51.546879	-0.023136	5.17	48.20	415
69	2/6/2018	13:35:11	51.546879	-0.023136	5.17	48.00	417
70	2/6/2018	13:35:12	51.546860	-0.023143	5.74	48.00	415
71	2/6/2018	13:35:12	51.546860	-0.023143	5.74	47.10	417
72	2/6/2018	13:35:13	51.546841	-0.023154	6.87	47.10	414
73	2/6/2018	13:35:13	51.546841	-0.023154	6.87	46.10	417
74	2/6/2018	13:35:14	51.546825	-0.023171	6.50	46.10	415
75	2/6/2018	13:35:14	51.546825	-0.023171	6.50	43.00	418
76	2/6/2018	13:35:15	51.546822	-0.023191	5.33	43.00	416
77	2/6/2018	13:35:15	51.546822	-0.023191	5.33	41.30	418
78	2/6/2018	13:35:16	51.546810	-0.023207	5.57	41.30	416
79	2/6/2018	13:35:16	51.546810	-0.023207	5.57	39.60	418
80	2/6/2018	13:35:17	51.546795	-0.023220	5.87	39.60	416
81	2/6/2018	13:35:17	51.546795	-0.023220	5.87	38.70	419
82	2/6/2018	13:35:18	51.546787	-0.023241	4.98	38.70	416
83	2/6/2018	13:35:18	51.546787	-0.023241	4.98	37.80	418
84	2/6/2018	13:35:19	51.546772	-0.023256	5.06	37.80	417
85	2/6/2018	13:35:19	51.546772	-0.023256	5.06	37.10	419
86	2/6/2018	13:35:20	51.546749	-0.023266	5.89	37.10	417
87	2/6/2018	13:35:20	51.546749	-0.023266	5.89	36.60	419
88	2/6/2018	13:35:21	51.546730	-0.023279	6.28	36.60	417
89	2/6/2018	13:35:21	51.546730	-0.023279	6.28	36.30	419
90	2/6/2018	13:35:22	51.546715	-0.023291	5.20	36.30	416
91	2/6/2018	13:35:22	51.546715	-0.023291	5.20	35.40	418
92	2/6/2018	13:35:23	51.546696	-0.023297	5.11	35.40	417
93	2/6/2018	13:35:23	51.546696	-0.023297	5.11	36.20	419
94	2/6/2018	13:35:24	51.546684	-0.023305	3.32	36.20	417
95	2/6/2018	13:35:24	51.546684	-0.023305	3.32	36.00	419
96	2/6/2018	13:35:25	51.546669	-0.023310	3.32	36.00	416
97	2/6/2018	13:35:26	51.546669	-0.023323	3.70	36.00	416
98	2/6/2018	13:35:27	51.546658	-0.023337	4.67	36.00	416
99	2/6/2018	13:35:27	51.546658	-0.023337	4.67	34.70	419
100	2/6/2018	13:35:28	51.546638	-0.023350	5.74	34.70	416
101	2/6/2018	13:35:28	51.546638	-0.023350	5.74	34.70	419
102	2/6/2018	13:35:29	51.546623	-0.023364	5.56	34.70	417
103	2/6/2018	13:35:29	51.546623	-0.023364	5.56	34.60	420
104	2/6/2018	13:35:30	51.546608	-0.023381	6.24	34.60	417
105	2/6/2018	13:35:30	51.546608	-0.023381	6.24	34.10	420
106	2/6/2018	13:35:31	51.546593	-0.023395	5.56	34.10	417
107	2/6/2018	13:35:31	51.546593	-0.023395	5.56	34.40	420
108	2/6/2018	13:35:32	51.546577	-0.023410	5.48	34.40	418
109	2/6/2018	13:35:32	51.546577	-0.023410	5.48	34.70	420
110	2/6/2018	13:35:33	51.546570	-0.023430	5.76	34.70	417
111	2/6/2018	13:35:33	51.546570	-0.023430	5.76	35.10	420
112	2/6/2018	13:35:34	51.546562	-0.023444	5.02	35.10	418
113	2/6/2018	13:35:34	51.546562	-0.023444	5.02	35.40	420
114	2/6/2018	13:35:35	51.546558	-0.023458	4.26	35.40	419
115	2/6/2018	13:35:35	51.546558	-0.023458	4.26	35.30	421
116	2/6/2018	13:35:36	51.546551	-0.023475	4.67	35.30	418
117	2/6/2018	13:35:36	51.546551	-0.023475	4.67	35.50	420
118	2/6/2018	13:35:37	51.546547	-0.023485	3.46	35.50	417
119	2/6/2018	13:35:37	51.546547	-0.023485	3.46	34.80	420
120	2/6/2018	13:35:38	51.546543	-0.023490	1.87	34.80	417
121	2/6/2018	13:35:38	51.546543	-0.023490	1.87	34.40	419
122	2/6/2018	13:35:39	51.546539	-0.023507	4.39	34.40	416
123	2/6/2018	13:35:39	51.546539	-0.023507	4.39	34.20	418
124	2/6/2018	13:35:40	51.546535	-0.023525	4.63	34.20	415
125	2/6/2018	13:35:41	51.546528	-0.023544	5.19	34.20	416
126	2/6/2018	13:35:41	51.546528	-0.023544	5.19	33.50	419
127	2/6/2018	13:35:42	51.546524	-0.023560	3.30	33.50	415
128	2/6/2018	13:35:42	51.546524	-0.023560	3.30	33.10	417
129	2/6/2018	13:35:43	51.546520	-0.023578	4.91	33.10	415
130	2/6/2018	13:35:43	51.546520	-0.023578	4.91	32.40	418
131	2/6/2018	13:35:44	51.546516	-0.023594	4.06	32.40	415
132	2/6/2018	13:35:45	51.546513	-0.023613	5.28	32.40	416
133	2/6/2018	13:35:45	51.546513	-0.023613	5.28	31.10	419
134	2/6/2018	13:35:46	51.546509	-0.023638	5.72	31.10	416
135	2/6/2018	13:35:46	51.546509	-0.023638	5.72	30.30	419
136	2/6/2018	13:35:47	51.546513	-0.023675	5.82	30.30	414
137	2/6/2018	13:35:47	51.546513	-0.023675	5.82	28.30	418
138	2/6/2018	13:35:48	51.546513	-0.023708	5.52	28.30	415
139	2/6/2018	13:35:49	51.546513	-0.023735	5.35	28.30	415
140	2/6/2018	13:35:49	51.546513	-0.023735	5.35	25.90	417
141	2/6/2018	13:35:50	51.546509	-0.023761	5.50	25.90	416
142	2/6/2018	13:35:50	51.546509	-0.023761	5.50	24.90	418
143	2/6/2018	13:35:51	51.546505	-0.023783	5.63	24.90	417
144	2/6/2018	13:35:51	51.546505	-0.023783	5.63	23.80	419
145	2/6/2018	13:35:52	51.546497	-0.023803	5.50	23.80	419
146	2/6/2018	13:35:52	51.546497	-0.023803	5.50	23.10	421
147	2/6/2018	13:35:53	51.546486	-0.023815	5.15	23.10	419
148	2/6/2018	13:35:53	51.546486	-0.023815	5.15	23.60	421
149	2/6/2018	13:35:54	51.546482	-0.023836	5.48	23.60	419
150	2/6/2018	13:35:54	51.546482	-0.023836	5.48	22.90	422
151	2/6/2018	13:35:55	51.546474	-0.023855	5.13	22.90	421
152	2/6/2018	13:35:55	51.546474	-0.023855	5.13	22.00	423
153	2/6/2018	13:35:56	51.546467	-0.023868	4.24	22.00	419
154	2/6/2018	13:35:56	51.546467	-0.023868	4.24	21.50	422
155	2/6/2018	13:35:57	51.546459	-0.023886	4.54	21.50	419
156	2/6/2018	13:35:57	51.546459	-0.023886	4.54	20.80	422
157	2/6/2018	13:35:58	51.546455	-0.023900	3.82	20.80	419
158	2/6/2018	13:35:58	51.546455	-0.023900	3.82	19.90	421
159	2/6/2018	13:35:59	51.546452	-0.023912	2.30	19.90	418
160	2/6/2018	13:35:59	51.546452	-0.023912	2.30	19.10	420
161	2/6/2018	13:36:0	51.546444	-0.023920	3.09	19.10	417
162	2/6/2018	13:36:0	51.546444	-0.023920	3.09	18.80	418
163	2/6/2018	13:36:1	51.546440	-0.023925	2.94	18.80	416
164	2/6/2018	13:36:1	51.546440	-0.023925	2.94	18.30	418
165	2/6/2018	13:36:2	51.546432	-0.023930	3.30	18.30	415
166	2/6/2018	13:36:2	51.546432	-0.023930	3.30	17.60	417
167	2/6/2018	13:36:3	51.546425	-0.023930	3.32	17.60	414
168	2/6/2018	13:36:3	51.546425	-0.023930	3.32	16.80	415
169	2/6/2018	13:36:4	51.546413	-0.023926	3.83	16.80	414
170	2/6/2018	13:36:4	51.546413	-0.023926	3.83	16.50	417
171	2/6/2018	13:36:5	51.546406	-0.023922	4.15	16.50	414
172	2/6/2018	13:36:5	51.546406	-0.023922	4.15	16.20	416
173	2/6/2018	13:36:6	51.546394	-0.023912	4.56	16.20	414
174	2/6/2018	13:36:6	51.546394	-0.023912	4.56	15.70	416
175	2/6/2018	13:36:7	51.546391	-0.023907	3.02	15.70	413
176	2/6/2018	13:36:7	51.546391	-0.023907	3.02	14.80	416
177	2/6/2018	13:36:8	51.546383	-0.023903	1.91	14.80	412
178	2/6/2018	13:36:8	51.546383	-0.023903	1.91	14.50	416
179	2/6/2018	13:36:9	51.546368	-0.023897	4.13	14.50	413
180	2/6/2018	13:36:9	51.546368	-0.023897	4.13	15.00	416
181	2/6/2018	13:36:10	51.546352	-0.023898	4.89	15.00	412
182	2/6/2018	13:36:10	51.546352	-0.023898	4.89	14.30	414
183	2/6/2018	13:36:11	51.546337	-0.023900	5.28	14.30	415
184	2/6/2018	13:36:11	51.546337	-0.023900	5.28	14.10	417
185	2/6/2018	13:36:12	51.546322	-0.023903	5.28	14.10	414
186	2/6/2018	13:36:12	51.546322	-0.023903	5.28	13.70	416
187	2/6/2018	13:36:13	51.546310	-0.023906	5.72	13.70	415
188	2/6/2018	13:36:13	51.546310	-0.023906	5.72	13.00	418
189	2/6/2018	13:36:14	51.546299	-0.023909	4.74	13.00	416
190	2/6/2018	13:36:14	51.546299	-0.023909	4.74	12.50	418
191	2/6/2018	13:36:15	51.546284	-0.023910	5.17	12.50	417
192	2/6/2018	13:36:15	51.546284	-0.023910	5.17	12.40	419
193	2/6/2018	13:36:16	51.546268	-0.023911	4.96	12.40	418
194	2/6/2018	13:36:16	51.546268	-0.023911	4.96	12.40	420
195	2/6/2018	13:36:17	51.546257	-0.023912	5.17	12.40	417
196	2/6/2018	13:36:17	51.546257	-0.023912	5.17	11.80	419
197	2/6/2018	13:36:18	51.546246	-0.023917	4.69	11.80	416
198	2/6/2018	13:36:18	51.546246	-0.023917	4.69	10.30	418
199	2/6/2018	13:36:19	51.546230	-0.023917	5.35	10.30	416
200	2/6/2018	13:36:19	51.546230	-0.023917	5.35	10.00	419
201	2/6/2018	13:36:20	51.546219	-0.023917	5.00	10.00	416
202	2/6/2018	13:36:20	51.546219	-0.023917	5.00	9.90	419
203	2/6/2018	13:36:21	51.546204	-0.023915	5.30	9.90	416
204	2/6/2018	13:36:22	51.546188	-0.023912	5.57	9.90	417
205	2/6/2018	13:36:22	51.546188	-0.023912	5.57	10.00	419
206	2/6/2018	13:36:23	51.546173	-0.023911	5.70	10.00	416
207	2/6/2018	13:36:23	51.546173	-0.023911	5.70	9.70	417
208	2/6/2018	13:36:24	51.546162	-0.023914	4.80	9.70	415
209	2/6/2018	13:36:24	51.546162	-0.023914	4.80	8.90	418
210	2/6/2018	13:36:25	51.546150	-0.023911	5.15	8.90	415
211	2/6/2018	13:36:25	51.546150	-0.023911	5.15	8.70	418
212	2/6/2018	13:36:26	51.546135	-0.023911	4.70	8.70	416
213	2/6/2018	13:36:26	51.546135	-0.023911	4.70	8.50	420
214	2/6/2018	13:36:27	51.546127	-0.023914	3.11	8.50	419
215	2/6/2018	13:36:27	51.546127	-0.023914	3.11	8.20	422
216	2/6/2018	13:36:28	51.546116	-0.023913	4.30	8.20	420
217	2/6/2018	13:36:29	51.546104	-0.023906	4.69	8.20	420
218	2/6/2018	13:36:29	51.546104	-0.023906	4.69	8.40	422
219	2/6/2018	13:36:30	51.546093	-0.023903	3.78	8.40	420
220	2/6/2018	13:36:30	51.546093	-0.023903	3.78	7.90	422
221	2/6/2018	13:36:31	51.546085	-0.023897	2.96	7.90	418
222	2/6/2018	13:36:31	51.546085	-0.023897	2.96	7.80	421
223	2/6/2018	13:36:32	51.546078	-0.023888	3.24	7.80	419
224	2/6/2018	13:36:32	51.546078	-0.023888	3.24	7.80	422
225	2/6/2018	13:36:33	51.546074	-0.023877	3.35	7.80	419
226	2/6/2018	13:36:33	51.546074	-0.023877	3.35	7.70	422
227	2/6/2018	13:36:34	51.546066	-0.023869	3.24	7.70	420
228	2/6/2018	13:36:34	51.546066	-0.023869	3.24	7.40	422
229	2/6/2018	13:36:35	51.546059	-0.023863	2.65	7.40	417
230	2/6/2018	13:36:35	51.546059	-0.023863	2.65	7.40	421
231	2/6/2018	13:36:36	51.546055	-0.023855	2.83	7.40	419
232	2/6/2018	13:36:36	51.546055	-0.023855	2.83	7.20	422
233	2/6/2018	13:36:37	51.546040	-0.023841	4.74	7.20	418
234	2/6/2018	13:36:37	51.546040	-0.023841	4.74	7.30	421
235	2/6/2018	13:36:38	51.546028	-0.023829	4.89	7.30	418
236	2/6/2018	13:36:38	51.546028	-0.023829	4.89	7.40	423
237	2/6/2018	13:36:39	51.546017	-0.023817	5.06	7.40	419
238	2/6/2018	13:36:39	51.546017	-0.023817	5.06	7.30	422
239	2/6/2018	13:36:40	51.546009	-0.023806	4.30	7.30	419
240	2/6/2018	13:36:40	51.546009	-0.023806	4.30	7.50	421
241	2/6/2018	13:36:41	51.545994	-0.023785	6.20	7.50	418
242	2/6/2018	13:36:41	51.545994	-0.023785	6.20	7.00	420
243	2/6/2018	13:36:42	51.545982	-0.023768	5.76	7.00	418
244	2/6/2018	13:36:42	51.545982	-0.023768	5.76	7.10	421
245	2/6/2018	13:36:43	51.545975	-0.023753	5.04	7.10	420
246	2/6/2018	13:36:43	51.545975	-0.023753	5.04	7.00	422
247	2/6/2018	13:36:44	51.545963	-0.023737	5.32	7.00	420
248	2/6/2018	13:36:44	51.545963	-0.023737	5.32	20.00	422
249	2/6/2018	13:36:45	51.545952	-0.023725	4.65	20.00	418
250	2/6/2018	13:36:46	51.545940	-0.023709	5.39	20.00	419
251	2/6/2018	13:36:46	51.545940	-0.023709	5.39	7.30	421
252	2/6/2018	13:36:47	51.545929	-0.023698	4.74	7.30	417
253	2/6/2018	13:36:47	51.545929	-0.023698	4.74	7.20	419
254	2/6/2018	13:36:48	51.545918	-0.023682	5.44	7.20	416
255	2/6/2018	13:36:48	51.545918	-0.023682	5.44	7.00	418
256	2/6/2018	13:36:49	51.545906	-0.023665	4.89	7.00	415
257	2/6/2018	13:36:49	51.545906	-0.023665	4.89	6.80	418
258	2/6/2018	13:36:50	51.545895	-0.023652	5.17	6.80	415
259	2/6/2018	13:36:50	51.545895	-0.023652	5.17	6.60	418
260	2/6/2018	13:36:51	51.545883	-0.023638	4.91	6.60	416
261	2/6/2018	13:36:51	51.545883	-0.023638	4.91	6.20	418
262	2/6/2018	13:36:52	51.545872	-0.023626	4.28	6.20	416
263	2/6/2018	13:36:52	51.545872	-0.023626	4.28	5.80	418
264	2/6/2018	13:36:53	51.545860	-0.023612	4.65	5.80	417
265	2/6/2018	13:36:53	51.545860	-0.023612	4.65	5.80	419
266	2/6/2018	13:36:54	51.545849	-0.023594	4.39	5.80	416
267	2/6/2018	13:36:54	51.545849	-0.023594	4.39	6.80	419
268	2/6/2018	13:36:55	51.545837	-0.023578	5.33	6.80	417
269	2/6/2018	13:36:55	51.545837	-0.023578	5.33	7.20	419
270	2/6/2018	13:36:56	51.545826	-0.023564	4.91	7.20	416
271	2/6/2018	13:36:56	51.545826	-0.023564	4.91	7.10	419
272	2/6/2018	13:36:57	51.545811	-0.023543	5.91	7.10	419
273	2/6/2018	13:36:57	51.545811	-0.023543	5.91	6.00	422
274	2/6/2018	13:36:58	51.545795	-0.023524	5.28	6.00	421
275	2/6/2018	13:36:58	51.545795	-0.023524	5.28	5.00	424
276	2/6/2018	13:36:59	51.545776	-0.023518	5.72	5.00	420
277	2/6/2018	13:36:59	51.545776	-0.023518	5.72	4.40	422
278	2/6/2018	13:37:0	51.545761	-0.023503	5.28	4.40	418
279	2/6/2018	13:37:0	51.545761	-0.023503	5.28	4.40	420
280	2/6/2018	13:37:1	51.545746	-0.023483	5.28	4.40	418
281	2/6/2018	13:37:2	51.545734	-0.023469	5.82	4.40	418
282	2/6/2018	13:37:2	51.545734	-0.023469	5.82	6.10	421
283	2/6/2018	13:37:3	51.545719	-0.023451	5.70	6.10	417
284	2/6/2018	13:37:3	51.545719	-0.023451	5.70	6.00	420
285	2/6/2018	13:37:4	51.545712	-0.023433	5.83	6.00	417
286	2/6/2018	13:37:4	51.545712	-0.023433	5.83	5.70	420
287	2/6/2018	13:37:5	51.545700	-0.023420	5.56	5.70	417
288	2/6/2018	13:37:5	51.545700	-0.023420	5.56	6.10	419
289	2/6/2018	13:37:6	51.545685	-0.023404	6.07	6.10	416
290	2/6/2018	13:37:6	51.545685	-0.023404	6.07	5.90	418
291	2/6/2018	13:37:7	51.545673	-0.023388	6.74	5.90	415
292	2/6/2018	13:37:7	51.545673	-0.023388	6.74	5.90	417
293	2/6/2018	13:37:8	51.545662	-0.023371	4.89	5.90	415
294	2/6/2018	13:37:8	51.545662	-0.023371	4.89	6.10	417
295	2/6/2018	13:37:9	51.545658	-0.023352	4.63	6.10	414
296	2/6/2018	13:37:9	51.545658	-0.023352	4.63	6.80	417
297	2/6/2018	13:37:10	51.545654	-0.023335	5.52	6.80	415
298	2/6/2018	13:37:10	51.545654	-0.023335	5.52	6.60	417
299	2/6/2018	13:37:11	51.545639	-0.023320	6.00	6.60	414
300	2/6/2018	13:37:12	51.545628	-0.023302	5.02	6.60	414
301	2/6/2018	13:37:12	51.545628	-0.023302	5.02	5.30	416
302	2/6/2018	13:37:13	51.545620	-0.023288	4.56	5.30	414
303	2/6/2018	13:37:13	51.545620	-0.023288	4.56	4.70	416
304	2/6/2018	13:37:14	51.545609	-0.023277	4.94	4.70	413
305	2/6/2018	13:37:15	51.545593	-0.023261	5.83	4.70	413
306	2/6/2018	13:37:15	51.545593	-0.023261	5.83	5.80	416
307	2/6/2018	13:37:16	51.545582	-0.023245	4.91	5.80	414
308	2/6/2018	13:37:16	51.545582	-0.023245	4.91	6.10	416
309	2/6/2018	13:37:17	51.545574	-0.023231	4.57	6.10	413
310	2/6/2018	13:37:17	51.545574	-0.023231	4.57	6.70	416
311	2/6/2018	13:37:18	51.545559	-0.023217	6.87	6.70	413
312	2/6/2018	13:37:18	51.545559	-0.023217	6.87	7.70	416
313	2/6/2018	13:37:19	51.545544	-0.023204	4.70	7.70	413
314	2/6/2018	13:37:19	51.545544	-0.023204	4.70	8.00	416
315	2/6/2018	13:37:20	51.545528	-0.023194	5.80	8.00	414
316	2/6/2018	13:37:20	51.545528	-0.023194	5.80	8.90	416
317	2/6/2018	13:37:21	51.545517	-0.023178	5.63	8.90	413
318	2/6/2018	13:37:21	51.545517	-0.023178	5.63	9.50	415
319	2/6/2018	13:37:22	51.545506	-0.023166	5.72	9.50	412
320	2/6/2018	13:37:22	51.545506	-0.023166	5.72	10.00	415
321	2/6/2018	13:37:23	51.545494	-0.023146	6.39	10.00	412
322	2/6/2018	13:37:23	51.545494	-0.023146	6.39	9.90	414
323	2/6/2018	13:37:24	51.545479	-0.023126	5.59	9.90	411
324	2/6/2018	13:37:24	51.545479	-0.023126	5.59	9.20	413
325	2/6/2018	13:37:25	51.545467	-0.023108	5.70	9.20	412
326	2/6/2018	13:37:26	51.545452	-0.023094	5.89	9.20	412
327	2/6/2018	13:37:26	51.545452	-0.023094	5.89	8.80	414
328	2/6/2018	13:37:27	51.545441	-0.023078	5.28	8.80	413
329	2/6/2018	13:37:27	51.545441	-0.023078	5.28	8.70	415
330	2/6/2018	13:37:28	51.545433	-0.023061	5.19	8.70	413
331	2/6/2018	13:37:28	51.545433	-0.023061	5.19	8.60	416
332	2/6/2018	13:37:29	51.545422	-0.023047	4.91	8.60	413
333	2/6/2018	13:37:29	51.545422	-0.023047	4.91	8.50	415
334	2/6/2018	13:37:30	51.545406	-0.023033	6.30	8.50	412
335	2/6/2018	13:37:31	51.545395	-0.023022	5.26	8.50	413
336	2/6/2018	13:37:32	51.545383	-0.023009	5.91	8.50	414
337	2/6/2018	13:37:32	51.545383	-0.023009	5.91	8.80	417
338	2/6/2018	13:37:33	51.545372	-0.022994	5.41	8.80	415
339	2/6/2018	13:37:33	51.545372	-0.022994	5.41	8.90	417
340	2/6/2018	13:37:34	51.545361	-0.022978	6.48	8.90	416
341	2/6/2018	13:37:34	51.545361	-0.022978	6.48	8.90	419
342	2/6/2018	13:37:35	51.545349	-0.022966	5.06	8.90	419
343	2/6/2018	13:37:35	51.545349	-0.022966	5.06	9.10	422
344	2/6/2018	13:37:36	51.545334	-0.022951	5.83	9.10	421
345	2/6/2018	13:37:36	51.545334	-0.022951	5.83	9.10	423
346	2/6/2018	13:37:37	51.545322	-0.022933	5.57	9.10	420
347	2/6/2018	13:37:37	51.545322	-0.022933	5.57	9.00	422
348	2/6/2018	13:37:38	51.545311	-0.022918	5.52	9.00	421
349	2/6/2018	13:37:38	51.545311	-0.022918	5.52	8.90	424
350	2/6/2018	13:37:39	51.545303	-0.022903	4.89	8.90	420
351	2/6/2018	13:37:39	51.545303	-0.022903	4.89	9.10	422
352	2/6/2018	13:37:40	51.545292	-0.022889	4.72	9.10	419
353	2/6/2018	13:37:40	51.545292	-0.022889	4.72	9.30	421
354	2/6/2018	13:37:41	51.545280	-0.022874	5.33	9.30	419
355	2/6/2018	13:37:41	51.545280	-0.022874	5.33	9.40	421
356	2/6/2018	13:37:42	51.545273	-0.022860	5.43	9.40	418
357	2/6/2018	13:37:42	51.545273	-0.022860	5.43	9.30	420
358	2/6/2018	13:37:43	51.545258	-0.022845	5.72	9.30	419
359	2/6/2018	13:37:43	51.545258	-0.022845	5.72	9.10	422
360	2/6/2018	13:37:44	51.545250	-0.022829	5.09	9.10	419
361	2/6/2018	13:37:45	51.545242	-0.022819	3.76	9.10	419
362	2/6/2018	13:37:45	51.545242	-0.022819	3.76	8.10	422
363	2/6/2018	13:37:46	51.545235	-0.022809	3.74	8.10	420
364	2/6/2018	13:37:46	51.545235	-0.022809	3.74	7.40	422
365	2/6/2018	13:37:47	51.545223	-0.022803	3.37	7.40	420
366	2/6/2018	13:37:47	51.545223	-0.022803	3.37	7.60	422
367	2/6/2018	13:37:48	51.545216	-0.022794	2.59	7.60	420
368	2/6/2018	13:37:48	51.545216	-0.022794	2.59	7.90	422
369	2/6/2018	13:37:49	51.545208	-0.022786	3.70	7.90	419
370	2/6/2018	13:37:49	51.545208	-0.022786	3.70	7.80	422
371	2/6/2018	13:37:50	51.545204	-0.022784	2.06	7.80	420
372	2/6/2018	13:37:51	51.545193	-0.022770	5.04	7.80	420
373	2/6/2018	13:37:52	51.545181	-0.022754	5.74	7.80	422
374	2/6/2018	13:37:52	51.545181	-0.022754	5.74	7.40	424
375	2/6/2018	13:37:53	51.545170	-0.022738	4.52	7.40	422
376	2/6/2018	13:37:53	51.545170	-0.022738	4.52	7.10	425
377	2/6/2018	13:37:54	51.545155	-0.022724	5.93	7.10	421
378	2/6/2018	13:37:54	51.545155	-0.022724	5.93	7.00	424
379	2/6/2018	13:37:55	51.545147	-0.022713	4.52	7.00	422
380	2/6/2018	13:37:55	51.545147	-0.022713	4.52	5.80	424
381	2/6/2018	13:37:56	51.545135	-0.022700	4.52	5.80	422
382	2/6/2018	13:37:56	51.545135	-0.022700	4.52	5.50	424
383	2/6/2018	13:37:57	51.545124	-0.022686	4.20	5.50	421
384	2/6/2018	13:37:57	51.545124	-0.022686	4.20	5.00	423
385	2/6/2018	13:37:58	51.545116	-0.022677	3.76	5.00	420
386	2/6/2018	13:37:59	51.545105	-0.022665	4.46	5.00	421
387	2/6/2018	13:38:0	51.545097	-0.022655	4.19	5.00	421
388	2/6/2018	13:38:1	51.545086	-0.022641	5.04	5.00	422
389	2/6/2018	13:38:1	51.545086	-0.022641	5.04	4.00	424
390	2/6/2018	13:38:2	51.545071	-0.022628	5.24	4.00	422
391	2/6/2018	13:38:3	51.545059	-0.022620	4.78	4.00	421
392	2/6/2018	13:38:4	51.545048	-0.022608	4.91	4.00	422
393	2/6/2018	13:38:5	51.545033	-0.022597	4.52	4.00	421
394	2/6/2018	13:38:6	51.545021	-0.022586	4.69	4.00	419
395	2/6/2018	13:38:7	51.545006	-0.022570	5.33	4.00	418
396	2/6/2018	13:38:8	51.544994	-0.022558	4.94	4.00	418
397	2/6/2018	13:38:9	51.544975	-0.022538	5.67	4.00	418
398	2/6/2018	13:38:10	51.544964	-0.022528	3.82	4.00	418
399	2/6/2018	13:38:11	51.544949	-0.022515	4.78	4.00	419
400	2/6/2018	13:38:12	51.544937	-0.022505	4.11	4.00	419
401	2/6/2018	13:38:13	51.544926	-0.022499	3.93	4.00	419
402	2/6/2018	13:38:14	51.544914	-0.022490	4.07	4.00	418
403	2/6/2018	13:38:15	51.544903	-0.022479	4.26	4.00	419
404	2/6/2018	13:38:16	51.544891	-0.022465	5.78	4.00	419
405	2/6/2018	13:38:17	51.544884	-0.022449	3.93	4.00	420
406	2/6/2018	13:38:18	51.544880	-0.022434	3.19	4.00	420
407	2/6/2018	13:38:19	51.544872	-0.022416	3.65	4.00	420
408	2/6/2018	13:38:20	51.544872	-0.022402	3.85	4.00	420
409	2/6/2018	13:38:21	51.544872	-0.022388	3.32	4.00	419
410	2/6/2018	13:38:22	51.544868	-0.022378	2.32	4.00	419
411	2/6/2018	13:38:23	51.544868	-0.022365	2.11	4.00	417
412	2/6/2018	13:38:24	51.544872	-0.022347	4.67	4.00	417
413	2/6/2018	13:38:24	51.544872	-0.022347	4.67	3.30	419
414	2/6/2018	13:38:25	51.544876	-0.022331	3.48	3.30	416
415	2/6/2018	13:38:26	51.544872	-0.022316	4.13	3.30	416
416	2/6/2018	13:38:27	51.544853	-0.022295	5.33	3.30	416
417	2/6/2018	13:38:28	51.544838	-0.022279	5.59	3.30	417
418	2/6/2018	13:38:29	51.544830	-0.022262	5.07	3.30	417
419	2/6/2018	13:38:29	51.544830	-0.022262	5.07	4.60	419
420	2/6/2018	13:38:30	51.544819	-0.022249	5.24	4.60	415
421	2/6/2018	13:38:31	51.544811	-0.022236	4.70	4.60	416
422	2/6/2018	13:38:31	51.544811	-0.022236	4.70	4.90	418
423	2/6/2018	13:38:32	51.544804	-0.022222	4.78	4.90	415
424	2/6/2018	13:38:33	51.544800	-0.022207	3.52	4.90	415
425	2/6/2018	13:38:34	51.544800	-0.022193	3.56	4.90	416
426	2/6/2018	13:38:35	51.544800	-0.022180	2.91	4.90	415
427	2/6/2018	13:38:36	51.544800	-0.022165	3.04	4.90	415
428	2/6/2018	13:38:37	51.544804	-0.022148	4.06	4.90	415
429	2/6/2018	13:38:38	51.544804	-0.022129	3.57	4.90	414
430	2/6/2018	13:38:38	51.544804	-0.022129	3.57	2.40	417
431	2/6/2018	13:38:39	51.544807	-0.022110	4.39	2.40	412
432	2/6/2018	13:38:40	51.544811	-0.022092	4.09	2.40	412
433	2/6/2018	13:38:41	51.544811	-0.022070	4.78	2.40	413
434	2/6/2018	13:38:42	51.544819	-0.022048	5.82	2.40	413
435	2/6/2018	13:38:43	51.544823	-0.022024	4.91	2.40	412
436	2/6/2018	13:38:43	51.544823	-0.022024	4.91	0.60	415
437	2/6/2018	13:38:44	51.544823	-0.022008	2.61	0.60	411
438	2/6/2018	13:38:44	51.544823	-0.022008	2.61	0.40	414
439	2/6/2018	13:38:45	51.544827	-0.021997	2.56	0.40	412
440	2/6/2018	13:38:46	51.544830	-0.021979	4.22	0.40	412
441	2/6/2018	13:38:47	51.544834	-0.021959	5.06	0.40	410
442	2/6/2018	13:38:48	51.544834	-0.021933	5.07	0.40	409
443	2/6/2018	13:38:49	51.544834	-0.021912	4.59	0.40	409
444	2/6/2018	13:38:50	51.544834	-0.021883	5.11	0.40	409
445	2/6/2018	13:38:50	51.544834	-0.021883	5.11	0.50	411
446	2/6/2018	13:38:51	51.544830	-0.021854	4.93	0.50	408
447	2/6/2018	13:38:52	51.544830	-0.021826	5.17	0.50	409
448	2/6/2018	13:38:52	51.544830	-0.021826	5.17	2.40	412
449	2/6/2018	13:38:53	51.544830	-0.021796	5.50	2.40	408
450	2/6/2018	13:38:53	51.544830	-0.021796	5.50	3.50	410
451	2/6/2018	13:38:54	51.544830	-0.021772	4.93	3.50	408
452	2/6/2018	13:38:55	51.544830	-0.021750	5.46	3.50	408
453	2/6/2018	13:38:55	51.544830	-0.021750	5.46	4.20	411
454	2/6/2018	13:38:56	51.544834	-0.021729	4.54	4.20	408
455	2/6/2018	13:38:57	51.544842	-0.021715	3.30	4.20	408
456	2/6/2018	13:38:57	51.544842	-0.021715	3.30	3.90	411
457	2/6/2018	13:38:58	51.544838	-0.021697	2.74	3.90	408
458	2/6/2018	13:38:58	51.544838	-0.021697	2.74	5.50	411
459	2/6/2018	13:38:59	51.544842	-0.021683	3.19	5.50	408
460	2/6/2018	13:38:59	51.544842	-0.021683	3.19	6.00	410
461	2/6/2018	13:39:0	51.544842	-0.021669	3.11	6.00	407
462	2/6/2018	13:39:1	51.544838	-0.021658	2.78	6.00	407
463	2/6/2018	13:39:2	51.544834	-0.021650	3.06	6.00	408
464	2/6/2018	13:39:2	51.544834	-0.021650	3.06	6.70	410
465	2/6/2018	13:39:3	51.544827	-0.021630	4.87	6.70	408
466	2/6/2018	13:39:3	51.544827	-0.021630	4.87	8.20	410
467	2/6/2018	13:39:4	51.544823	-0.021612	5.17	8.20	406
468	2/6/2018	13:39:4	51.544823	-0.021612	5.17	8.10	409
469	2/6/2018	13:39:5	51.544827	-0.021592	5.24	8.10	406
470	2/6/2018	13:39:5	51.544827	-0.021592	5.24	7.50	408
471	2/6/2018	13:39:6	51.544834	-0.021578	4.67	7.50	407
472	2/6/2018	13:39:7	51.544842	-0.021554	6.46	7.50	406
473	2/6/2018	13:39:8	51.544846	-0.021526	6.65	7.50	406
474	2/6/2018	13:39:9	51.544846	-0.021503	5.59	7.50	407
475	2/6/2018	13:39:9	51.544846	-0.021503	5.59	6.00	409
476	2/6/2018	13:39:10	51.544853	-0.021484	6.22	6.00	405
477	2/6/2018	13:39:10	51.544853	-0.021484	6.22	4.70	407
478	2/6/2018	13:39:11	51.544853	-0.021458	5.24	4.70	405
479	2/6/2018	13:39:11	51.544853	-0.021458	5.24	5.20	408
480	2/6/2018	13:39:12	51.544857	-0.021437	4.72	5.20	404
481	2/6/2018	13:39:12	51.544857	-0.021437	4.72	5.50	407
482	2/6/2018	13:39:13	51.544861	-0.021417	5.11	5.50	404
483	2/6/2018	13:39:14	51.544865	-0.021390	5.52	5.50	403
484	2/6/2018	13:39:14	51.544865	-0.021390	5.52	7.10	405
485	2/6/2018	13:39:15	51.544857	-0.021368	6.22	7.10	403
486	2/6/2018	13:39:15	51.544857	-0.021368	6.22	7.80	405
487	2/6/2018	13:39:16	51.544857	-0.021340	7.00	7.80	403
488	2/6/2018	13:39:17	51.544865	-0.021316	5.46	7.80	401
489	2/6/2018	13:39:17	51.544865	-0.021316	5.46	6.80	403
490	2/6/2018	13:39:18	51.544876	-0.021300	3.57	6.80	401
491	2/6/2018	13:39:18	51.544876	-0.021300	3.57	5.20	404
492	2/6/2018	13:39:19	51.544891	-0.021281	4.83	5.20	401
493	2/6/2018	13:39:19	51.544891	-0.021281	4.83	3.20	403
494	2/6/2018	13:39:20	51.544891	-0.021262	4.87	3.20	400
495	2/6/2018	13:39:21	51.544891	-0.021243	4.89	3.20	400
496	2/6/2018	13:39:21	51.544891	-0.021243	4.89	2.40	403
497	2/6/2018	13:39:22	51.544895	-0.021222	4.76	2.40	400
498	2/6/2018	13:39:22	51.544895	-0.021222	4.76	3.10	403
499	2/6/2018	13:39:23	51.544903	-0.021208	4.19	3.10	400
500	2/6/2018	13:39:23	51.544903	-0.021208	4.19	3.10	403
501	2/6/2018	13:39:24	51.544903	-0.021187	4.30	3.10	401
502	2/6/2018	13:39:25	51.544903	-0.021165	4.63	3.10	400
503	2/6/2018	13:39:25	51.544903	-0.021165	4.63	3.70	402
504	2/6/2018	13:39:26	51.544907	-0.021143	4.22	3.70	399
505	2/6/2018	13:39:26	51.544907	-0.021143	4.22	3.10	401
506	2/6/2018	13:39:27	51.544907	-0.021115	5.13	3.10	398
507	2/6/2018	13:39:28	51.544907	-0.021085	4.89	3.10	399
508	2/6/2018	13:39:29	51.544907	-0.021049	5.46	3.10	399
509	2/6/2018	13:39:29	51.544907	-0.021049	5.46	3.20	401
510	2/6/2018	13:39:30	51.544910	-0.021019	5.52	3.20	399
511	2/6/2018	13:39:31	51.544914	-0.020992	5.46	3.20	399
512	2/6/2018	13:39:31	51.544914	-0.020992	5.46	4.40	401
513	2/6/2018	13:39:32	51.544922	-0.020972	5.32	4.40	398
514	2/6/2018	13:39:32	51.544922	-0.020972	5.32	4.60	400
515	2/6/2018	13:39:33	51.544926	-0.020946	6.33	4.60	398
516	2/6/2018	13:39:34	51.544937	-0.020938	4.07	4.60	397
517	2/6/2018	13:39:34	51.544937	-0.020938	4.07	5.50	400
518	2/6/2018	13:39:35	51.544941	-0.020909	5.54	5.50	398
519	2/6/2018	13:39:36	51.544949	-0.020889	4.63	5.50	398
520	2/6/2018	13:39:37	51.544952	-0.020864	5.65	5.50	397
521	2/6/2018	13:39:37	51.544952	-0.020864	5.65	5.00	400
522	2/6/2018	13:39:38	51.544952	-0.020836	5.61	5.00	397
523	2/6/2018	13:39:38	51.544952	-0.020836	5.61	5.10	400
524	2/6/2018	13:39:39	51.544964	-0.020815	4.82	5.10	397
525	2/6/2018	13:39:39	51.544964	-0.020815	4.82	3.00	400
526	2/6/2018	13:39:40	51.544964	-0.020784	4.80	3.00	398
527	2/6/2018	13:39:41	51.544968	-0.020770	2.80	3.00	396
528	2/6/2018	13:39:42	51.544979	-0.020763	5.82	3.00	396
529	2/6/2018	13:39:42	51.544979	-0.020763	5.82	2.50	399
530	2/6/2018	13:39:43	51.544983	-0.020752	2.89	2.50	396
531	2/6/2018	13:39:44	51.544987	-0.020738	3.37	2.50	397
532	2/6/2018	13:39:45	51.544991	-0.020721	5.06	2.50	397
533	2/6/2018	13:39:45	51.544991	-0.020721	5.06	4.70	400
534	2/6/2018	13:39:46	51.545013	-0.020702	5.61	4.70	397
535	2/6/2018	13:39:46	51.545013	-0.020702	5.61	2.60	400
536	2/6/2018	13:39:47	51.545025	-0.020680	5.26	2.60	399
537	2/6/2018	13:39:47	51.545025	-0.020680	5.26	4.50	401
538	2/6/2018	13:39:48	51.545036	-0.020664	4.26	4.50	397
539	2/6/2018	13:39:48	51.545036	-0.020664	4.26	3.40	399
540	2/6/2018	13:39:49	51.545040	-0.020645	5.06	3.40	397
541	2/6/2018	13:39:49	51.545040	-0.020645	5.06	3.40	399
542	2/6/2018	13:39:50	51.545048	-0.020622	5.33	3.40	396
543	2/6/2018	13:39:50	51.545048	-0.020622	5.33	3.00	398
544	2/6/2018	13:39:51	51.545052	-0.020605	4.83	3.00	396
545	2/6/2018	13:39:51	51.545052	-0.020605	4.83	2.10	398
546	2/6/2018	13:39:52	51.545052	-0.020589	3.82	2.10	397
547	2/6/2018	13:39:52	51.545052	-0.020589	3.82	2.30	399
548	2/6/2018	13:39:53	51.545052	-0.020568	4.15	2.30	397
549	2/6/2018	13:39:53	51.545052	-0.020568	4.15	2.80	399
550	2/6/2018	13:39:54	51.545059	-0.020554	4.22	2.80	397
551	2/6/2018	13:39:54	51.545059	-0.020554	4.22	1.70	400
552	2/6/2018	13:39:55	51.545059	-0.020538	3.50	1.70	398
553	2/6/2018	13:39:55	51.545059	-0.020538	3.50	1.40	400
554	2/6/2018	13:39:56	51.545063	-0.020521	3.28	1.40	398
555	2/6/2018	13:39:56	51.545063	-0.020521	3.28	0.90	400
556	2/6/2018	13:39:57	51.545067	-0.020500	4.24	0.90	399
557	2/6/2018	13:39:57	51.545067	-0.020500	4.24	0.20	400
558	2/6/2018	13:39:58	51.545067	-0.020479	4.50	0.20	397
559	2/6/2018	13:39:58	51.545067	-0.020479	4.50	-0.20	400
560	2/6/2018	13:39:59	51.545074	-0.020459	3.98	-0.20	398
561	2/6/2018	13:39:59	51.545074	-0.020459	3.98	-0.90	401
562	2/6/2018	13:40:0	51.545078	-0.020439	4.48	-0.90	399
563	2/6/2018	13:40:0	51.545078	-0.020439	4.48	-1.80	401
564	2/6/2018	13:40:1	51.545082	-0.020418	4.89	-1.80	398
565	2/6/2018	13:40:1	51.545082	-0.020418	4.89	-2.00	401
566	2/6/2018	13:40:2	51.545086	-0.020396	5.59	-2.00	399
567	2/6/2018	13:40:2	51.545086	-0.020396	5.59	-2.40	401
568	2/6/2018	13:40:3	51.545090	-0.020369	5.80	-2.40	397
569	2/6/2018	13:40:3	51.545090	-0.020369	5.80	-2.50	399
570	2/6/2018	13:40:4	51.545090	-0.020348	4.32	-2.50	396
571	2/6/2018	13:40:4	51.545090	-0.020348	4.32	-2.80	398
572	2/6/2018	13:40:5	51.545090	-0.020327	4.83	-2.80	396
573	2/6/2018	13:40:5	51.545090	-0.020327	4.83	-3.20	399
574	2/6/2018	13:40:6	51.545097	-0.020309	3.65	-3.20	396
575	2/6/2018	13:40:6	51.545097	-0.020309	3.65	-4.20	398
576	2/6/2018	13:40:7	51.545094	-0.020285	4.54	-4.20	396
577	2/6/2018	13:40:7	51.545094	-0.020285	4.54	-3.70	399
578	2/6/2018	13:40:8	51.545097	-0.020262	4.78	-3.70	396
579	2/6/2018	13:40:8	51.545097	-0.020262	4.78	-4.60	399
580	2/6/2018	13:40:9	51.545101	-0.020240	5.37	-4.60	396
581	2/6/2018	13:40:9	51.545101	-0.020240	5.37	-4.90	399
582	2/6/2018	13:40:10	51.545101	-0.020217	5.30	-4.90	396
583	2/6/2018	13:40:10	51.545101	-0.020217	5.30	-4.90	399
584	2/6/2018	13:40:11	51.545101	-0.020194	4.89	-4.90	396
585	2/6/2018	13:40:11	51.545101	-0.020194	4.89	-5.10	399
586	2/6/2018	13:40:12	51.545105	-0.020175	4.76	-5.10	395
587	2/6/2018	13:40:12	51.545105	-0.020175	4.76	-5.60	398
588	2/6/2018	13:40:13	51.545105	-0.020154	4.63	-5.60	395
589	2/6/2018	13:40:13	51.545105	-0.020154	4.63	-6.20	398
590	2/6/2018	13:40:14	51.545105	-0.020133	4.00	-6.20	395
591	2/6/2018	13:40:14	51.545105	-0.020133	4.00	-6.20	398
592	2/6/2018	13:40:15	51.545105	-0.020114	3.65	-6.20	394
593	2/6/2018	13:40:15	51.545105	-0.020114	3.65	-6.50	397
594	2/6/2018	13:40:16	51.545109	-0.020097	3.82	-6.50	394
595	2/6/2018	13:40:16	51.545109	-0.020097	3.82	-7.00	397
596	2/6/2018	13:40:17	51.545113	-0.020075	4.89	-7.00	393
597	2/6/2018	13:40:17	51.545113	-0.020075	4.89	-7.50	397
598	2/6/2018	13:40:18	51.545120	-0.020056	3.96	-7.50	393
599	2/6/2018	13:40:18	51.545120	-0.020056	3.96	-8.40	396
600	2/6/2018	13:40:19	51.545124	-0.020038	4.30	-8.40	393
601	2/6/2018	13:40:19	51.545124	-0.020038	4.30	-8.90	397
602	2/6/2018	13:40:20	51.545128	-0.020022	3.98	-8.90	393
603	2/6/2018	13:40:20	51.545128	-0.020022	3.98	-9.40	396
604	2/6/2018	13:40:21	51.545132	-0.020003	4.70	-9.40	393
605	2/6/2018	13:40:21	51.545132	-0.020003	4.70	-10.00	395
606	2/6/2018	13:40:22	51.545139	-0.019993	3.59	-10.00	392
607	2/6/2018	13:40:22	51.545139	-0.019993	3.59	-11.20	394
608	2/6/2018	13:40:23	51.545147	-0.019971	5.07	-11.20	392
609	2/6/2018	13:40:23	51.545147	-0.019971	5.07	-11.40	395
610	2/6/2018	13:40:24	51.545139	-0.019926	5.63	-11.40	392
611	2/6/2018	13:40:24	51.545139	-0.019926	5.63	-8.80	395
612	2/6/2018	13:40:25	51.545143	-0.019898	4.63	-8.80	391
613	2/6/2018	13:40:25	51.545143	-0.019898	4.63	-7.80	394
614	2/6/2018	13:40:26	51.545135	-0.019868	2.70	-7.80	392
615	2/6/2018	13:40:26	51.545135	-0.019868	2.70	-4.10	395
616	2/6/2018	13:40:27	51.545139	-0.019845	6.04	-4.10	391
617	2/6/2018	13:40:27	51.545139	-0.019845	6.04	-3.40	394
618	2/6/2018	13:40:28	51.545147	-0.019820	5.39	-3.40	391
619	2/6/2018	13:40:28	51.545147	-0.019820	5.39	-3.10	394
620	2/6/2018	13:40:29	51.545143	-0.019779	5.70	-3.10	391
621	2/6/2018	13:40:29	51.545143	-0.019779	5.70	-0.60	394
622	2/6/2018	13:40:30	51.545147	-0.019748	5.44	-0.60	392
623	2/6/2018	13:40:30	51.545147	-0.019748	5.44	0.50	395
624	2/6/2018	13:40:31	51.545155	-0.019718	5.56	0.50	392
625	2/6/2018	13:40:31	51.545155	-0.019718	5.56	0.70	395
626	2/6/2018	13:40:32	51.545143	-0.019675	5.54	0.70	392
627	2/6/2018	13:40:32	51.545143	-0.019675	5.54	2.00	395
628	2/6/2018	13:40:33	51.545147	-0.019649	5.22	2.00	392
629	2/6/2018	13:40:33	51.545147	-0.019649	5.22	2.40	395
630	2/6/2018	13:40:34	51.545151	-0.019621	5.48	2.40	393
631	2/6/2018	13:40:34	51.545151	-0.019621	5.48	3.20	396
632	2/6/2018	13:40:35	51.545155	-0.019590	5.19	3.20	393
633	2/6/2018	13:40:35	51.545155	-0.019590	5.19	4.50	396
634	2/6/2018	13:40:36	51.545158	-0.019562	5.46	4.50	393
635	2/6/2018	13:40:36	51.545158	-0.019562	5.46	5.60	396
636	2/6/2018	13:40:37	51.545166	-0.019537	5.57	5.60	393
637	2/6/2018	13:40:37	51.545166	-0.019537	5.57	5.70	396
638	2/6/2018	13:40:38	51.545174	-0.019515	5.43	5.70	393
639	2/6/2018	13:40:38	51.545174	-0.019515	5.43	6.10	396
640	2/6/2018	13:40:39	51.545181	-0.019490	5.48	6.10	394
641	2/6/2018	13:40:39	51.545181	-0.019490	5.48	5.90	396
642	2/6/2018	13:40:40	51.545189	-0.019466	5.61	5.90	394
643	2/6/2018	13:40:40	51.545189	-0.019466	5.61	6.40	396
644	2/6/2018	13:40:41	51.545197	-0.019441	5.69	6.40	393
645	2/6/2018	13:40:41	51.545197	-0.019441	5.69	7.20	396
646	2/6/2018	13:40:42	51.545208	-0.019423	5.44	7.20	394
647	2/6/2018	13:40:42	51.545208	-0.019423	5.44	6.60	397
648	2/6/2018	13:40:43	51.545216	-0.019407	4.30	6.60	394
649	2/6/2018	13:40:43	51.545216	-0.019407	4.30	6.40	397
650	2/6/2018	13:40:44	51.545223	-0.019395	3.22	6.40	394
651	2/6/2018	13:40:44	51.545223	-0.019395	3.22	5.50	397
652	2/6/2018	13:40:45	51.545238	-0.019385	5.52	5.50	394
653	2/6/2018	13:40:45	51.545238	-0.019385	5.52	6.30	397
654	2/6/2018	13:40:46	51.545250	-0.019376	6.72	6.30	394
655	2/6/2018	13:40:46	51.545250	-0.019376	6.72	7.10	397
656	2/6/2018	13:40:47	51.545269	-0.019370	6.83	7.10	392
657	2/6/2018	13:40:47	51.545269	-0.019370	6.83	7.10	395
658	2/6/2018	13:40:48	51.545284	-0.019369	5.26	7.10	393
659	2/6/2018	13:40:48	51.545284	-0.019369	5.26	7.80	396
660	2/6/2018	13:40:49	51.545300	-0.019367	7.04	7.80	392
661	2/6/2018	13:40:49	51.545300	-0.019367	7.04	8.20	395
662	2/6/2018	13:40:50	51.545319	-0.019370	7.46	8.20	393
663	2/6/2018	13:40:50	51.545319	-0.019370	7.46	9.00	396
664	2/6/2018	13:40:51	51.545330	-0.019369	6.11	9.00	392
665	2/6/2018	13:40:51	51.545330	-0.019369	6.11	9.30	394
666	2/6/2018	13:40:52	51.545345	-0.019374	5.15	9.30	391
667	2/6/2018	13:40:52	51.545345	-0.019374	5.15	9.60	394
668	2/6/2018	13:40:53	51.545353	-0.019374	3.59	9.60	390
669	2/6/2018	13:40:53	51.545353	-0.019374	3.59	9.70	393
670	2/6/2018	13:40:54	51.545368	-0.019378	5.59	9.70	390
671	2/6/2018	13:40:54	51.545368	-0.019378	5.59	9.90	393
672	2/6/2018	13:40:55	51.545383	-0.019379	6.07	9.90	390
673	2/6/2018	13:40:56	51.545403	-0.019377	5.26	9.90	391
674	2/6/2018	13:40:57	51.545422	-0.019382	5.98	9.90	391
675	2/6/2018	13:40:58	51.545437	-0.019387	5.44	9.90	391
676	2/6/2018	13:40:58	51.545437	-0.019387	5.44	10.80	394
677	2/6/2018	13:40:59	51.545448	-0.019392	5.35	10.80	391
678	2/6/2018	13:40:59	51.545448	-0.019392	5.35	11.70	394
679	2/6/2018	13:41:0	51.545464	-0.019404	6.57	11.70	390
680	2/6/2018	13:41:0	51.545464	-0.019404	6.57	11.80	393
681	2/6/2018	13:41:1	51.545483	-0.019415	6.57	11.80	390
682	2/6/2018	13:41:1	51.545483	-0.019415	6.57	11.90	393
683	2/6/2018	13:41:2	51.545498	-0.019428	6.48	11.90	390
684	2/6/2018	13:41:2	51.545498	-0.019428	6.48	12.00	393
685	2/6/2018	13:41:3	51.545513	-0.019440	6.80	12.00	390
686	2/6/2018	13:41:3	51.545513	-0.019440	6.80	11.90	393
687	2/6/2018	13:41:4	51.545528	-0.019454	6.80	11.90	390
688	2/6/2018	13:41:4	51.545528	-0.019454	6.80	12.00	393
689	2/6/2018	13:41:5	51.545547	-0.019468	6.96	12.00	390
690	2/6/2018	13:41:5	51.545547	-0.019468	6.96	11.90	394
691	2/6/2018	13:41:6	51.545563	-0.019482	6.37	11.90	390
692	2/6/2018	13:41:7	51.545578	-0.019493	6.56	11.90	390
693	2/6/2018	13:41:8	51.545597	-0.019506	6.41	11.90	390
694	2/6/2018	13:41:9	51.545612	-0.019520	6.20	11.90	390
695	2/6/2018	13:41:9	51.545612	-0.019520	6.20	10.90	393
696	2/6/2018	13:41:10	51.545628	-0.019536	6.96	10.90	390
697	2/6/2018	13:41:10	51.545628	-0.019536	6.96	10.80	394
698	2/6/2018	13:41:11	51.545643	-0.019550	6.54	10.80	391
699	2/6/2018	13:41:11	51.545643	-0.019550	6.54	10.40	395
700	2/6/2018	13:41:12	51.545658	-0.019563	5.93	10.40	391
701	2/6/2018	13:41:13	51.545670	-0.019575	5.32	10.40	392
702	2/6/2018	13:41:13	51.545670	-0.019575	5.32	10.30	395
703	2/6/2018	13:41:14	51.545685	-0.019588	5.74	10.30	392
704	2/6/2018	13:41:14	51.545685	-0.019588	5.74	10.00	395
705	2/6/2018	13:41:15	51.545692	-0.019600	4.80	10.00	392
706	2/6/2018	13:41:15	51.545692	-0.019600	4.80	10.00	395
707	2/6/2018	13:41:16	51.545704	-0.019613	5.17	10.00	392
708	2/6/2018	13:41:16	51.545704	-0.019613	5.17	10.40	395
709	2/6/2018	13:41:17	51.545715	-0.019625	4.87	10.40	391
710	2/6/2018	13:41:18	51.545727	-0.019637	5.54	10.40	391
711	2/6/2018	13:41:18	51.545727	-0.019637	5.54	10.90	394
712	2/6/2018	13:41:19	51.545742	-0.019646	5.89	10.90	391
713	2/6/2018	13:41:19	51.545742	-0.019646	5.89	11.10	393
714	2/6/2018	13:41:20	51.545753	-0.019656	5.15	11.10	390
715	2/6/2018	13:41:21	51.545769	-0.019666	5.89	11.10	389
716	2/6/2018	13:41:22	51.545780	-0.019682	6.09	11.10	389
717	2/6/2018	13:41:23	51.545792	-0.019693	5.69	11.10	390
718	2/6/2018	13:41:23	51.545792	-0.019693	5.69	11.20	393
719	2/6/2018	13:41:24	51.545803	-0.019702	4.33	11.20	390
720	2/6/2018	13:41:24	51.545803	-0.019702	4.33	11.30	393
721	2/6/2018	13:41:25	51.545815	-0.019714	5.09	11.30	389
722	2/6/2018	13:41:25	51.545815	-0.019714	5.09	11.40	392
723	2/6/2018	13:41:26	51.545826	-0.019728	6.30	11.40	389
724	2/6/2018	13:41:26	51.545826	-0.019728	6.30	11.70	392
725	2/6/2018	13:41:27	51.545837	-0.019739	4.63	11.70	390
726	2/6/2018	13:41:27	51.545837	-0.019739	4.63	11.70	393
727	2/6/2018	13:41:28	51.545853	-0.019749	5.19	11.70	390
728	2/6/2018	13:41:28	51.545853	-0.019749	5.19	11.60	393
729	2/6/2018	13:41:29	51.545868	-0.019761	5.41	11.60	390
730	2/6/2018	13:41:29	51.545868	-0.019761	5.41	11.80	393
731	2/6/2018	13:41:30	51.545883	-0.019773	4.74	11.80	389
732	2/6/2018	13:41:30	51.545883	-0.019773	4.74	11.80	391
733	2/6/2018	13:41:31	51.545902	-0.019789	7.20	11.80	388
734	2/6/2018	13:41:31	51.545902	-0.019789	7.20	11.90	391
735	2/6/2018	13:41:32	51.545921	-0.019808	8.78	11.90	387
736	2/6/2018	13:41:33	51.545940	-0.019825	8.95	11.90	389
737	2/6/2018	13:41:33	51.545940	-0.019825	8.95	12.80	391
738	2/6/2018	13:41:34	51.545963	-0.019842	7.85	12.80	389
739	2/6/2018	13:41:34	51.545963	-0.019842	7.85	12.40	392
740	2/6/2018	13:41:35	51.545982	-0.019861	8.09	12.40	388
741	2/6/2018	13:41:35	51.545982	-0.019861	8.09	12.70	391
742	2/6/2018	13:41:36	51.546001	-0.019877	7.17	12.70	388
743	2/6/2018	13:41:36	51.546001	-0.019877	7.17	12.80	391
744	2/6/2018	13:41:37	51.546017	-0.019891	7.13	12.80	388
745	2/6/2018	13:41:38	51.546032	-0.019898	4.89	12.80	387
746	2/6/2018	13:41:38	51.546032	-0.019898	4.89	13.10	391
747	2/6/2018	13:41:39	51.546043	-0.019904	6.83	13.10	388
748	2/6/2018	13:41:39	51.546043	-0.019904	6.83	13.10	391
749	2/6/2018	13:41:40	51.546059	-0.019915	7.17	13.10	387
750	2/6/2018	13:41:40	51.546059	-0.019915	7.17	12.70	390
751	2/6/2018	13:41:41	51.546070	-0.019929	6.20	12.70	387
752	2/6/2018	13:41:41	51.546070	-0.019929	6.20	12.90	390
753	2/6/2018	13:41:42	51.546085	-0.019941	5.94	12.90	386
754	2/6/2018	13:41:42	51.546085	-0.019941	5.94	12.80	389
755	2/6/2018	13:41:43	51.546101	-0.019955	6.65	12.80	386
756	2/6/2018	13:41:43	51.546101	-0.019955	6.65	13.00	389
757	2/6/2018	13:41:44	51.546116	-0.019968	6.93	13.00	386
758	2/6/2018	13:41:44	51.546116	-0.019968	6.93	13.00	389
759	2/6/2018	13:41:45	51.546127	-0.019981	6.85	13.00	386
760	2/6/2018	13:41:46	51.546143	-0.019994	7.70	13.00	387
761	2/6/2018	13:41:46	51.546143	-0.019994	7.70	13.50	390
762	2/6/2018	13:41:47	51.546162	-0.020008	7.13	13.50	387
763	2/6/2018	13:41:47	51.546162	-0.020008	7.13	13.60	390
764	2/6/2018	13:41:48	51.546177	-0.020023	6.91	13.60	387
765	2/6/2018	13:41:48	51.546177	-0.020023	6.91	13.90	390
766	2/6/2018	13:41:49	51.546188	-0.020036	6.50	13.90	386
767	2/6/2018	13:41:49	51.546188	-0.020036	6.50	13.60	389
768	2/6/2018	13:41:50	51.546204	-0.020050	6.15	13.60	387
769	2/6/2018	13:41:50	51.546204	-0.020050	6.15	13.50	390
770	2/6/2018	13:41:51	51.546219	-0.020065	6.98	13.50	388
771	2/6/2018	13:41:51	51.546219	-0.020065	6.98	13.80	390
772	2/6/2018	13:41:52	51.546234	-0.020079	6.67	13.80	387
773	2/6/2018	13:41:53	51.546249	-0.020095	6.17	13.80	387
774	2/6/2018	13:41:53	51.546249	-0.020095	6.17	13.90	390
775	2/6/2018	13:41:54	51.546268	-0.020110	6.78	13.90	387
776	2/6/2018	13:41:54	51.546165	0.033333	6.78	13.90	390
777	2/6/2018	13:41:55	51.546284	-0.020122	6.20	13.90	387
778	2/6/2018	13:41:55	51.546284	-0.020122	6.20	14.00	390
779	2/6/2018	13:41:56	51.546299	-0.020132	6.19	14.00	388
780	2/6/2018	13:41:57	51.546310	-0.020143	4.78	14.00	388
781	2/6/2018	13:41:57	51.546310	-0.020143	4.78	13.60	391
782	2/6/2018	13:41:58	51.546322	-0.020154	4.94	13.60	388
783	2/6/2018	13:41:58	51.546322	-0.020154	4.94	13.60	391
784	2/6/2018	13:41:59	51.546333	-0.020166	5.20	13.60	387
785	2/6/2018	13:42:0	51.546349	-0.020178	5.85	13.60	387
786	2/6/2018	13:42:0	51.546349	-0.020178	5.85	13.90	390
787	2/6/2018	13:42:1	51.546360	-0.020192	5.37	13.90	387
788	2/6/2018	13:42:1	51.546360	-0.020192	5.37	14.10	390
789	2/6/2018	13:42:2	51.546371	-0.020205	4.63	14.10	386
790	2/6/2018	13:42:3	51.546383	-0.020220	5.59	14.10	387
791	2/6/2018	13:42:3	51.546383	-0.020220	5.59	14.10	390
792	2/6/2018	13:42:4	51.546394	-0.020234	4.32	14.10	388
793	2/6/2018	13:42:4	51.546394	-0.020234	4.32	13.50	391
794	2/6/2018	13:42:5	51.546402	-0.020250	4.94	13.50	386
795	2/6/2018	13:42:5	51.546402	-0.020250	4.94	13.30	389
796	2/6/2018	13:42:6	51.546410	-0.020276	5.85	13.30	385
797	2/6/2018	13:42:7	51.546425	-0.020297	3.82	13.30	387
798	2/6/2018	13:42:7	51.546425	-0.020297	3.82	12.60	390
799	2/6/2018	13:42:8	51.546432	-0.020315	5.13	12.60	387
800	2/6/2018	13:42:8	51.546432	-0.020315	5.13	12.20	390
801	2/6/2018	13:42:9	51.546440	-0.020336	4.91	12.20	386
802	2/6/2018	13:42:10	51.546448	-0.020358	5.54	12.20	387
803	2/6/2018	13:42:10	51.546448	-0.020358	5.54	11.80	389
804	2/6/2018	13:42:11	51.546455	-0.020382	5.54	11.80	386
805	2/6/2018	13:42:11	51.546455	-0.020382	5.54	12.40	389
806	2/6/2018	13:42:12	51.546463	-0.020389	3.43	12.40	386
807	2/6/2018	13:42:13	51.546463	-0.020395	1.26	12.40	386
808	2/6/2018	13:42:14	51.546459	-0.020404	1.91	12.40	386
809	2/6/2018	13:42:15	51.546455	-0.020416	4.26	12.40	385
810	2/6/2018	13:42:16	51.546452	-0.020428	3.30	12.40	385
811	2/6/2018	13:42:16	51.546452	-0.020428	3.30	11.40	387
812	2/6/2018	13:42:17	51.546448	-0.020435	2.96	11.40	385
813	2/6/2018	13:42:17	51.546448	-0.020435	2.96	10.90	387
814	2/6/2018	13:42:18	51.546455	-0.020470	2.76	10.90	384
815	2/6/2018	13:42:18	51.546455	-0.020470	2.76	9.30	387
816	2/6/2018	13:42:19	51.546459	-0.020488	4.59	9.30	384
817	2/6/2018	13:42:19	51.546459	-0.020488	4.59	7.80	387
818	2/6/2018	13:42:20	51.546452	-0.020511	5.24	7.80	384
819	2/6/2018	13:42:20	51.546452	-0.020511	5.24	6.90	387
820	2/6/2018	13:42:21	51.546440	-0.020534	6.50	6.90	384
821	2/6/2018	13:42:21	51.546440	-0.020534	6.50	6.50	387
822	2/6/2018	13:42:22	51.546432	-0.020553	5.20	6.50	383
823	2/6/2018	13:42:22	51.546432	-0.020553	5.20	6.90	387
824	2/6/2018	13:42:23	51.546432	-0.020588	6.09	6.90	383
825	2/6/2018	13:42:23	51.546432	-0.020588	6.09	5.80	386
826	2/6/2018	13:42:24	51.546429	-0.020611	6.13	5.80	383
827	2/6/2018	13:42:24	51.546429	-0.020611	6.13	7.00	386
828	2/6/2018	13:42:25	51.546429	-0.020638	6.04	7.00	383
829	2/6/2018	13:42:25	51.546429	-0.020638	6.04	7.90	386
830	2/6/2018	13:42:26	51.546429	-0.020667	6.74	7.90	383
831	2/6/2018	13:42:26	51.546429	-0.020667	6.74	8.40	386
832	2/6/2018	13:42:27	51.546432	-0.020704	5.78	8.40	383
833	2/6/2018	13:42:27	51.546432	-0.020704	5.78	8.30	386
834	2/6/2018	13:42:28	51.546432	-0.020735	5.94	8.30	383
835	2/6/2018	13:42:28	51.546432	-0.020735	5.94	8.10	385
836	2/6/2018	13:42:29	51.546440	-0.020775	6.52	8.10	383
837	2/6/2018	13:42:29	51.546440	-0.020775	6.52	7.70	385
838	2/6/2018	13:42:30	51.546432	-0.020802	4.22	7.70	382
839	2/6/2018	13:42:30	51.546432	-0.020802	4.22	8.60	384
840	2/6/2018	13:42:31	51.546432	-0.020819	4.17	8.60	381
841	2/6/2018	13:42:31	51.546432	-0.020819	4.17	7.80	385
842	2/6/2018	13:42:32	51.546425	-0.020841	5.85	7.80	381
843	2/6/2018	13:42:32	51.546425	-0.020841	5.85	7.20	384
844	2/6/2018	13:42:33	51.546440	-0.020892	6.63	7.20	381
845	2/6/2018	13:42:33	51.546440	-0.020892	6.63	5.80	384
846	2/6/2018	13:42:34	51.546448	-0.020935	7.30	5.80	381
847	2/6/2018	13:42:34	51.546448	-0.020935	7.30	5.40	384
848	2/6/2018	13:42:35	51.546455	-0.020976	8.61	5.40	381
849	2/6/2018	13:42:35	51.546455	-0.020976	8.61	5.80	384
850	2/6/2018	13:42:36	51.546440	-0.020998	5.70	5.80	381
851	2/6/2018	13:42:36	51.546440	-0.020998	5.70	5.60	384
852	2/6/2018	13:42:37	51.546429	-0.021017	4.63	5.60	381
853	2/6/2018	13:42:37	51.546429	-0.021017	4.63	4.10	384
854	2/6/2018	13:42:38	51.546413	-0.021023	3.52	4.10	381
855	2/6/2018	13:42:38	51.546413	-0.021023	3.52	3.70	384
856	2/6/2018	13:42:39	51.546406	-0.021038	4.43	3.70	380
857	2/6/2018	13:42:39	51.546406	-0.021038	4.43	4.20	383
858	2/6/2018	13:42:40	51.546398	-0.021063	4.48	4.20	381
859	2/6/2018	13:42:40	51.546398	-0.021063	4.48	4.30	384
860	2/6/2018	13:42:41	51.546398	-0.021085	3.09	4.30	382
861	2/6/2018	13:42:41	51.546398	-0.021085	3.09	3.60	384
862	2/6/2018	13:42:42	51.546394	-0.021095	1.87	3.60	381
863	2/6/2018	13:42:42	51.546394	-0.021095	1.87	2.40	384
864	2/6/2018	13:42:43	51.546394	-0.021122	5.04	2.40	381
865	2/6/2018	13:42:43	51.546394	-0.021122	5.04	2.40	384
866	2/6/2018	13:42:44	51.546387	-0.021146	5.00	2.40	381
867	2/6/2018	13:42:45	51.546383	-0.021178	6.74	2.40	382
868	2/6/2018	13:42:45	51.546383	-0.021178	6.74	1.20	384
869	2/6/2018	13:42:46	51.546394	-0.021212	5.56	1.20	382
870	2/6/2018	13:42:46	51.546394	-0.021212	5.56	0.30	384
871	2/6/2018	13:42:47	51.546406	-0.021251	8.39	0.30	382
872	2/6/2018	13:42:47	51.546406	-0.021251	8.39	0.60	385
873	2/6/2018	13:42:48	51.546406	-0.021276	6.52	0.60	382
874	2/6/2018	13:42:48	51.546406	-0.021276	6.52	0.70	385
875	2/6/2018	13:42:49	51.546387	-0.021285	5.54	0.70	381
876	2/6/2018	13:42:49	51.546387	-0.021285	5.54	2.60	384
877	2/6/2018	13:42:50	51.546387	-0.021312	6.13	2.60	381
878	2/6/2018	13:42:50	51.546387	-0.021312	6.13	2.70	384
879	2/6/2018	13:42:51	51.546383	-0.021334	4.50	2.70	381
880	2/6/2018	13:42:51	51.546383	-0.021334	4.50	2.50	384
881	2/6/2018	13:42:52	51.546375	-0.021359	5.17	2.50	381
882	2/6/2018	13:42:52	51.546375	-0.021359	5.17	1.90	384
883	2/6/2018	13:42:53	51.546368	-0.021385	6.96	1.90	380
884	2/6/2018	13:42:53	51.546368	-0.021385	6.96	2.30	383
885	2/6/2018	13:42:54	51.546349	-0.021399	5.28	2.30	380
886	2/6/2018	13:42:54	51.546349	-0.021399	5.28	3.40	384
887	2/6/2018	13:42:55	51.546349	-0.021418	3.06	3.40	381
888	2/6/2018	13:42:55	51.546349	-0.021418	3.06	2.40	384
889	2/6/2018	13:42:56	51.546329	-0.021424	4.57	2.40	380
890	2/6/2018	13:42:57	51.546314	-0.021442	5.17	2.40	381
891	2/6/2018	13:42:58	51.546291	-0.021454	2.61	2.40	382
892	2/6/2018	13:42:58	51.546291	-0.021454	2.61	3.30	384
893	2/6/2018	13:42:59	51.546230	-0.021443	2.59	3.30	380
894	2/6/2018	13:42:59	51.546230	-0.021443	2.59	6.90	383
895	2/6/2018	13:43:0	51.546181	-0.021441	4.17	6.90	380
896	2/6/2018	13:43:0	51.546181	-0.021441	4.17	10.90	384
897	2/6/2018	13:43:1	51.546173	-0.021448	4.50	10.90	380
898	2/6/2018	13:43:1	51.546173	-0.021448	4.50	12.70	384
899	2/6/2018	13:43:2	51.546177	-0.021464	8.20	12.70	381
900	2/6/2018	13:43:2	51.546177	-0.021464	8.20	13.60	384
901	2/6/2018	13:43:3	51.546185	-0.021495	9.11	13.60	380
902	2/6/2018	13:43:3	51.546185	-0.021495	9.11	13.10	383
903	2/6/2018	13:43:4	51.546192	-0.021526	7.78	13.10	380
904	2/6/2018	13:43:4	51.546192	-0.021526	7.78	12.10	383
905	2/6/2018	13:43:5	51.546185	-0.021548	7.48	12.10	380
906	2/6/2018	13:43:6	51.546181	-0.021572	5.76	12.10	381
907	2/6/2018	13:43:6	51.546181	-0.021572	5.76	12.80	384
908	2/6/2018	13:43:7	51.546177	-0.021592	5.26	12.80	380
909	2/6/2018	13:43:7	51.546177	-0.021592	5.26	12.50	383
910	2/6/2018	13:43:8	51.546162	-0.021612	5.48	12.50	380
911	2/6/2018	13:43:9	51.546165	-0.021635	3.98	12.50	381
912	2/6/2018	13:43:10	51.546154	-0.021654	6.85	12.50	381
913	2/6/2018	13:43:10	51.546154	-0.021654	6.85	10.80	384
914	2/6/2018	13:43:11	51.546146	-0.021686	6.54	10.80	381
915	2/6/2018	13:43:12	51.546135	-0.021708	5.46	10.80	381
916	2/6/2018	13:43:12	51.546135	-0.021708	5.46	9.50	383
917	2/6/2018	13:43:13	51.546124	-0.021728	6.91	9.50	380
918	2/6/2018	13:43:14	51.546112	-0.021749	5.44	9.50	380
919	2/6/2018	13:43:14	51.546112	-0.021749	5.44	9.60	383
920	2/6/2018	13:43:15	51.546101	-0.021776	7.26	9.60	381
921	2/6/2018	13:43:15	51.546101	-0.021776	7.26	8.80	383
922	2/6/2018	13:43:16	51.546101	-0.021795	3.85	8.80	380
923	2/6/2018	13:43:16	51.546101	-0.021795	3.85	8.30	383
924	2/6/2018	13:43:17	51.546089	-0.021826	7.19	8.30	380
925	2/6/2018	13:43:17	51.546089	-0.021826	7.19	7.50	383
926	2/6/2018	13:43:18	51.546078	-0.021847	6.52	7.50	381
927	2/6/2018	13:43:18	51.546078	-0.021847	6.52	7.60	384
928	2/6/2018	13:43:19	51.546078	-0.021860	3.56	7.60	380
929	2/6/2018	13:43:20	51.546078	-0.021866	1.91	7.60	381
930	2/6/2018	13:43:20	51.546078	-0.021866	1.91	7.30	383
931	2/6/2018	13:43:21	51.546093	-0.021867	4.74	7.30	380
932	2/6/2018	13:43:21	51.546093	-0.021867	4.74	7.50	383
933	2/6/2018	13:43:22	51.546101	-0.021863	5.17	7.50	379
934	2/6/2018	13:43:22	51.546101	-0.021863	5.17	8.00	382
935	2/6/2018	13:43:23	51.546112	-0.021857	3.91	8.00	379
936	2/6/2018	13:43:23	51.546112	-0.021857	3.91	7.80	382
937	2/6/2018	13:43:24	51.546120	-0.021855	3.72	7.80	378
938	2/6/2018	13:43:24	51.546120	-0.021855	3.72	7.40	381
939	2/6/2018	13:43:25	51.546124	-0.021845	3.41	7.40	379
940	2/6/2018	13:43:25	51.546124	-0.021845	3.41	7.00	382
941	2/6/2018	13:43:26	51.546131	-0.021846	2.98	7.00	379
942	2/6/2018	13:43:26	51.546131	-0.021846	2.98	6.00	382
943	2/6/2018	13:43:27	51.546139	-0.021848	1.35	6.00	378
944	2/6/2018	13:43:28	51.546143	-0.021846	1.07	6.00	380
945	2/6/2018	13:43:28	51.546143	-0.021846	1.07	4.50	383
946	2/6/2018	13:43:29	51.546150	-0.021847	2.46	4.50	380
947	2/6/2018	13:43:29	51.546150	-0.021847	2.46	4.30	383
948	2/6/2018	13:43:30	51.546169	-0.021856	4.50	4.30	379
949	2/6/2018	13:43:30	51.546169	-0.021856	4.50	4.40	382
950	2/6/2018	13:43:31	51.546181	-0.021855	3.30	4.40	378
951	2/6/2018	13:43:31	51.546181	-0.021855	3.30	4.30	381
952	2/6/2018	13:43:32	51.546188	-0.021860	2.46	4.30	378
953	2/6/2018	13:43:32	51.546188	-0.021860	2.46	3.60	381
954	2/6/2018	13:43:33	51.546196	-0.021876	3.17	3.60	378
955	2/6/2018	13:43:33	51.546196	-0.021876	3.17	3.90	381
956	2/6/2018	13:43:34	51.546211	-0.021871	5.02	3.90	378
957	2/6/2018	13:43:34	51.546211	-0.021871	5.02	3.10	381
958	2/6/2018	13:43:35	51.546223	-0.021879	4.20	3.10	378
959	2/6/2018	13:43:35	51.546223	-0.021879	4.20	2.60	381
960	2/6/2018	13:43:36	51.546234	-0.021886	4.17	2.60	378
961	2/6/2018	13:43:36	51.546234	-0.021886	4.17	2.40	382
962	2/6/2018	13:43:37	51.546249	-0.021904	4.17	2.40	379
963	2/6/2018	13:43:37	51.546249	-0.021904	4.17	2.70	382
964	2/6/2018	13:43:38	51.546261	-0.021917	4.44	2.70	379
965	2/6/2018	13:43:38	51.546261	-0.021917	4.44	2.30	382
966	2/6/2018	13:43:39	51.546272	-0.021922	2.85	2.30	379
967	2/6/2018	13:43:40	51.546280	-0.021933	2.52	2.30	379
968	2/6/2018	13:43:40	51.546280	-0.021933	2.52	1.70	382
969	2/6/2018	13:43:41	51.546291	-0.021936	2.91	1.70	379
970	2/6/2018	13:43:41	51.546291	-0.021936	2.91	1.40	382
971	2/6/2018	13:43:42	51.546307	-0.021941	3.94	1.40	379
972	2/6/2018	13:43:42	51.546307	-0.021941	3.94	0.70	382
973	2/6/2018	13:43:43	51.546322	-0.021936	3.52	0.70	378
974	2/6/2018	13:43:43	51.546322	-0.021936	3.52	0.00	381
975	2/6/2018	13:43:44	51.546333	-0.021962	1.87	0.00	378
976	2/6/2018	13:43:44	51.546333	-0.021962	1.87	-0.20	382
977	2/6/2018	13:43:45	51.546341	-0.021978	2.07	-0.20	378
978	2/6/2018	13:43:45	51.546341	-0.021978	2.07	-0.30	381
979	2/6/2018	13:43:46	51.546356	-0.021989	3.76	-0.30	378
980	2/6/2018	13:43:46	51.546356	-0.021989	3.76	-0.20	381
981	2/6/2018	13:43:47	51.546368	-0.022005	3.13	-0.20	379
982	2/6/2018	13:43:47	51.546368	-0.022005	3.13	-0.10	382
983	2/6/2018	13:43:48	51.546383	-0.022027	4.35	-0.10	378
984	2/6/2018	13:43:48	51.546383	-0.022027	4.35	0.20	381
985	2/6/2018	13:43:49	51.546398	-0.022036	4.41	0.20	378
986	2/6/2018	13:43:49	51.546398	-0.022036	4.41	-0.50	381
987	2/6/2018	13:43:50	51.546417	-0.022063	4.74	-0.50	378
988	2/6/2018	13:43:50	51.546417	-0.022063	4.74	0.80	381
989	2/6/2018	13:43:51	51.546432	-0.022079	4.91	0.80	378
990	2/6/2018	13:43:51	51.546432	-0.022079	4.91	0.30	381
991	2/6/2018	13:43:52	51.546448	-0.022099	4.96	0.30	377
992	2/6/2018	13:43:52	51.546448	-0.022099	4.96	0.30	380
993	2/6/2018	13:43:53	51.546459	-0.022108	3.91	0.30	377
994	2/6/2018	13:43:53	51.546459	-0.022108	3.91	-0.10	381
995	2/6/2018	13:43:54	51.546474	-0.022128	5.59	-0.10	377
996	2/6/2018	13:43:54	51.546474	-0.022128	5.59	-0.70	380
997	2/6/2018	13:43:55	51.546486	-0.022150	5.26	-0.70	376
998	2/6/2018	13:43:55	51.546486	-0.022150	5.26	-1.30	379
999	2/6/2018	13:43:56	51.546494	-0.022182	5.56	-1.30	376
1000	2/6/2018	13:43:56	51.546494	-0.022182	5.56	-0.90	380
1001	2/6/2018	13:43:57	51.546501	-0.022226	6.15	-0.90	377
1002	2/6/2018	13:43:57	51.546501	-0.022226	6.15	-0.40	380
1003	2/6/2018	13:43:58	51.546505	-0.022259	6.74	-0.40	376
1004	2/6/2018	13:43:58	51.546505	-0.022259	6.74	-0.20	380
1005	2/6/2018	13:43:59	51.546516	-0.022286	5.83	-0.20	377
1006	2/6/2018	13:43:59	51.546516	-0.022286	5.83	0.10	380
1007	2/6/2018	13:44:0	51.546528	-0.022316	4.67	0.10	376
1008	2/6/2018	13:44:0	51.546528	-0.022316	4.67	0.60	379
1009	2/6/2018	13:44:1	51.546539	-0.022333	5.20	0.60	376
1010	2/6/2018	13:44:1	51.546539	-0.022333	5.20	0.60	379
1011	2/6/2018	13:44:2	51.546555	-0.022344	6.32	0.60	376
1012	2/6/2018	13:44:2	51.546555	-0.022344	6.32	0.70	379
1013	2/6/2018	13:44:3	51.546570	-0.022359	5.48	0.70	376
1014	2/6/2018	13:44:3	51.546570	-0.022359	5.48	1.10	379
1015	2/6/2018	13:44:4	51.546585	-0.022376	6.61	1.10	377
1016	2/6/2018	13:44:5	51.546604	-0.022407	6.37	1.10	377
1017	2/6/2018	13:44:6	51.546623	-0.022427	6.89	1.10	377
1018	2/6/2018	13:44:6	51.546623	-0.022427	6.89	2.50	380
1019	2/6/2018	13:44:7	51.546635	-0.022448	6.07	2.50	377
1020	2/6/2018	13:44:7	51.546635	-0.022448	6.07	2.80	380
1021	2/6/2018	13:44:8	51.546650	-0.022461	6.04	2.80	378
1022	2/6/2018	13:44:8	51.546650	-0.022461	6.04	2.70	380
1023	2/6/2018	13:44:9	51.546665	-0.022476	6.22	2.70	377
1024	2/6/2018	13:44:9	51.546665	-0.022476	6.22	2.70	380
1025	2/6/2018	13:44:10	51.546680	-0.022495	6.32	2.70	377
1026	2/6/2018	13:44:10	51.546680	-0.022495	6.32	2.90	380
1027	2/6/2018	13:44:11	51.546696	-0.022510	6.33	2.90	377
1028	2/6/2018	13:44:12	51.546711	-0.022522	5.50	2.90	378
1029	2/6/2018	13:44:13	51.546726	-0.022538	6.35	2.90	378
1030	2/6/2018	13:44:13	51.546726	-0.022538	6.35	3.50	381
1031	2/6/2018	13:44:14	51.546745	-0.022556	6.17	3.50	379
1032	2/6/2018	13:44:14	51.546745	-0.022556	6.17	4.00	381
1033	2/6/2018	13:44:15	51.546761	-0.022564	4.39	4.00	378
1034	2/6/2018	13:44:15	51.546761	-0.022564	4.39	4.00	381
1035	2/6/2018	13:44:16	51.546772	-0.022568	4.46	4.00	377
1036	2/6/2018	13:44:16	51.546772	-0.022568	4.46	3.60	380
1037	2/6/2018	13:44:17	51.546787	-0.022580	5.15	3.60	377
1038	2/6/2018	13:44:17	51.546787	-0.022580	5.15	3.70	380
1039	2/6/2018	13:44:18	51.546803	-0.022602	4.67	3.70	377
1040	2/6/2018	13:44:18	51.546803	-0.022602	4.67	4.40	380
1041	2/6/2018	13:44:19	51.546818	-0.022620	6.46	4.40	377
1042	2/6/2018	13:44:19	51.546818	-0.022620	6.46	4.20	380
1043	2/6/2018	13:44:20	51.546825	-0.022649	6.95	4.20	377
1044	2/6/2018	13:44:20	51.546825	-0.022649	6.95	3.70	380
1045	2/6/2018	13:44:21	51.546841	-0.022679	6.35	3.70	377
1046	2/6/2018	13:44:21	51.546841	-0.022679	6.35	3.80	380
1047	2/6/2018	13:44:22	51.546852	-0.022701	6.15	3.80	377
1048	2/6/2018	13:44:23	51.546860	-0.022725	5.11	3.80	378
1049	2/6/2018	13:44:23	51.546860	-0.022725	5.11	4.10	381
1050	2/6/2018	13:44:24	51.546875	-0.022744	5.24	4.10	378
1051	2/6/2018	13:44:24	51.546875	-0.022744	5.24	4.50	380
1052	2/6/2018	13:44:25	51.546890	-0.022759	5.41	4.50	378
1053	2/6/2018	13:44:25	51.546890	-0.022759	5.41	4.90	381
1054	2/6/2018	13:44:26	51.546906	-0.022767	5.96	4.90	377
1055	2/6/2018	13:44:26	51.546906	-0.022767	5.96	4.80	380
1056	2/6/2018	13:44:27	51.546921	-0.022800	7.45	4.80	377
1057	2/6/2018	13:44:27	51.546921	-0.022800	7.45	5.30	379
1058	2/6/2018	13:44:28	51.546932	-0.022834	6.67	5.30	376
1059	2/6/2018	13:44:28	51.546932	-0.022834	6.67	6.00	379
1060	2/6/2018	13:44:29	51.546944	-0.022859	5.22	6.00	376
1061	2/6/2018	13:44:29	51.546944	-0.022859	5.22	6.70	379
1062	2/6/2018	13:44:30	51.546951	-0.022876	5.54	6.70	375
1063	2/6/2018	13:44:30	51.546951	-0.022876	5.54	6.50	378
1064	2/6/2018	13:44:31	51.546959	-0.022897	4.70	6.50	376
1065	2/6/2018	13:44:31	51.546959	-0.022897	4.70	6.60	379
1066	2/6/2018	13:44:32	51.546978	-0.022903	5.00	6.60	376
1067	2/6/2018	13:44:32	51.546978	-0.022903	5.00	6.90	379
1068	2/6/2018	13:44:33	51.546989	-0.022918	5.57	6.90	376
1069	2/6/2018	13:44:33	51.546989	-0.022918	5.57	7.10	379
1070	2/6/2018	13:44:34	51.547001	-0.022945	5.59	7.10	376
1071	2/6/2018	13:44:34	51.547001	-0.022945	5.59	7.40	379
1072	2/6/2018	13:44:35	51.547001	-0.022997	7.87	7.40	376
1073	2/6/2018	13:44:35	51.547001	-0.022997	7.87	7.10	380
1074	2/6/2018	13:44:36	51.547009	-0.023030	6.32	7.10	376
1075	2/6/2018	13:44:36	51.547009	-0.023030	6.32	7.60	379
1076	2/6/2018	13:44:37	51.547016	-0.023054	6.19	7.60	376
1077	2/6/2018	13:44:37	51.547016	-0.023054	6.19	7.40	380
1078	2/6/2018	13:44:38	51.547031	-0.023085	5.72	7.40	376
1079	2/6/2018	13:44:38	51.547031	-0.023085	5.72	8.20	380
1080	2/6/2018	13:44:39	51.547043	-0.023103	5.35	8.20	377
1081	2/6/2018	13:44:39	51.547043	-0.023103	5.35	7.70	380
1082	2/6/2018	13:44:40	51.547058	-0.023117	5.91	7.70	376
1083	2/6/2018	13:44:40	51.547058	-0.023117	5.91	7.70	379
1084	2/6/2018	13:44:41	51.547073	-0.023140	5.96	7.70	377
1085	2/6/2018	13:44:41	51.547073	-0.023140	5.96	8.10	379
1086	2/6/2018	13:44:42	51.547092	-0.023159	6.37	8.10	376
1087	2/6/2018	13:44:42	51.547092	-0.023159	6.37	8.60	379
1088	2/6/2018	13:44:43	51.547104	-0.023173	5.54	8.60	376
1089	2/6/2018	13:44:43	51.547104	-0.023173	5.54	8.30	379
1090	2/6/2018	13:44:44	51.547119	-0.023186	6.67	8.30	376
1091	2/6/2018	13:44:44	51.547119	-0.023186	6.67	8.40	379
1092	2/6/2018	13:44:45	51.547134	-0.023212	6.28	8.40	375
1093	2/6/2018	13:44:45	51.547134	-0.023212	6.28	8.70	378
1094	2/6/2018	13:44:46	51.547146	-0.023241	5.94	8.70	376
1095	2/6/2018	13:44:46	51.547146	-0.023241	5.94	8.90	379
1096	2/6/2018	13:44:47	51.547161	-0.023269	6.13	8.90	377
1097	2/6/2018	13:44:47	51.547161	-0.023269	6.13	8.90	380
1098	2/6/2018	13:44:48	51.547165	-0.023303	4.43	8.90	376
1099	2/6/2018	13:44:48	51.547165	-0.023303	4.43	9.00	379
1100	2/6/2018	13:44:49	51.547173	-0.023319	4.72	9.00	378
1101	2/6/2018	13:44:49	51.547173	-0.023319	4.72	8.80	381
1102	2/6/2018	13:44:50	51.547188	-0.023335	5.74	8.80	378
1103	2/6/2018	13:44:50	51.547188	-0.023335	5.74	9.10	381
1104	2/6/2018	13:44:51	51.547203	-0.023353	5.32	9.10	378
1105	2/6/2018	13:44:51	51.547203	-0.023353	5.32	9.40	381
1106	2/6/2018	13:44:52	51.547218	-0.023377	5.96	9.40	377
1107	2/6/2018	13:44:52	51.547218	-0.023377	5.96	10.00	380
1108	2/6/2018	13:44:53	51.547226	-0.023419	5.76	10.00	377
1109	2/6/2018	13:44:53	51.547226	-0.023419	5.76	10.50	380
1110	2/6/2018	13:44:54	51.547234	-0.023454	4.96	10.50	377
1111	2/6/2018	13:44:55	51.547237	-0.023500	3.30	10.50	377
1112	2/6/2018	13:44:55	51.547237	-0.023500	3.30	12.00	380
1113	2/6/2018	13:44:56	51.547241	-0.023513	1.44	12.00	379
1114	2/6/2018	13:44:56	51.547241	-0.023513	1.44	12.60	381
1115	2/6/2018	13:44:57	51.547241	-0.023522	0.15	12.60	378
1116	2/6/2018	13:44:58	51.547245	-0.023524	0.22	12.60	376
1117	2/6/2018	13:44:58	51.547245	-0.023524	0.22	13.50	380
1118	2/6/2018	13:44:59	51.547245	-0.023537	0.15	13.50	373
